{
   "dashboards": [{
      "autoswitchEnabled": false,
      "columnCount": 1,
      "columnProportion": "1-1",
      "creationTime": 1669049542151,
      "dashboardNavigations": {},
      "description": "",
      "disabled": false,
      "gridsterMaxColumns": 12,
      "hidden": false,
      "homeTab": false,
      "id": "0488a094-01f7-417a-80a8-ca2e7fb2d748",
      "importAttempts": 0,
      "importComplete": true,
      "lastUpdateTime": 1669280910417,
      "lastUpdateUserId": "58eda46a-1819-427a-a01c-dddd28872052",
      "locked": false,
      "name": "Cores Distribution",
      "rank": 0,
      "shared": false,
      "states": [],
      "temporary": false,
      "userId": "58eda46a-1819-427a-a01c-dddd28872052",
      "widgetInteractions": [{
         "type": "resourceId",
         "widgetIdProvider": "59992c31-01f9-444b-87a9-af761540f649",
         "widgetIdReceiver": "5feed4dd-2ddf-4269-9ee2-aada15159175"
      }],
      "widgets": [
         {
            "collapsed": false,
            "config": {
               "editorData": "<div style=\"\"><font face=\"Metropolis, arial, sans-serif\"><span style=\"font-size: 14px;\">\u200bThis Dashboard is giving the total number of Cores per Host across all Datacenters and per Datacenter to help reporting on Core usage for licensing purpose.<\/span><\/font><\/div><div style=\"\"><font face=\"Metropolis, arial, sans-serif\"><span style=\"font-size: 14px;\"><br><\/span><\/font><\/div><div style=\"\"><font face=\"Metropolis, arial, sans-serif\"><span style=\"font-size: 14px;\">See https://kb.vmware.com/s/article/89116 for more details.<\/span><\/font><\/div>",
               "locationFile": "",
               "locationUrl": "",
               "refreshContent": {"refreshContent": false},
               "refreshInterval": 300,
               "title": "Information on Licensing Policy",
               "viewModeHTML": true
            },
            "gridsterCoords": {
               "h": 4,
               "w": 6,
               "x": 6,
               "y": 1
            },
            "height": 210,
            "id": "9fc2b460-7492-4b20-9d8f-dbe845f65e02",
            "title": "Information on Licensing Policy",
            "type": "TextDisplay"
         },
         {
            "collapsed": false,
            "config": {
               "chartViewItems": ["labels"],
               "isUpdatedView": true,
               "refreshContent": {"refreshContent": false},
               "refreshInterval": 300,
               "resource": null,
               "selectFirstRow": {"selectFirstRow": false},
               "selfProvider": {"selfProvider": false},
               "title": "Core Distribution by Host for Selected Datacenter",
               "traversalSpecId": "",
               "viewDefinitionId": "bd0493c2-f99b-4408-8031-8299dfcee439"
            },
            "gridsterCoords": {
               "h": 6,
               "w": 7,
               "x": 5,
               "y": 17
            },
            "height": 324,
            "id": "5feed4dd-2ddf-4269-9ee2-aada15159175",
            "states": [
               {
                  "key": "perm_isDashboardTime_widget_0488a094-01f7-417a-80a8-ca2e7fb2d748_5feed4dd-2ddf-4269-9ee2-aada15159175",
                  "value": "b%3A0"
               },
               {
                  "key": "perm_toolbarVisible_widget_0488a094-01f7-417a-80a8-ca2e7fb2d748_5feed4dd-2ddf-4269-9ee2-aada15159175",
                  "value": "b%3A1"
               }
            ],
            "title": "Core Distribution by Host for Selected Datacenter",
            "type": "View"
         },
         {
            "collapsed": false,
            "config": {
               "chartViewItems": [
                  "labels",
                  "legend"
               ],
               "isUpdatedView": true,
               "refreshContent": {"refreshContent": true},
               "refreshInterval": 300,
               "resource": {
                  "id": "Ext.vcops.chrome.model.Resource-5",
                  "resourceId": "resource:id:0_::_",
                  "resourceKindId": "002006VMWAREvSphere World",
                  "resourceName": "vSphere World",
                  "traversalSpecId": "vSphere Hosts and Clusters-VMWARE-vSphere World"
               },
               "selectFirstRow": {"selectFirstRow": false},
               "selfProvider": {"selfProvider": true},
               "title": "Cores Distribution accross all Datacenters",
               "traversalSpecId": null,
               "viewDefinitionId": "9a46e441-eb97-4b25-bf0d-7d702c320c54"
            },
            "gridsterCoords": {
               "h": 6,
               "w": 4,
               "x": 1,
               "y": 11
            },
            "height": 324,
            "id": "f89afe1d-cd4b-4471-93da-d1a2da692406",
            "states": [
               {
                  "key": "perm_toolbarVisible_widget_0488a094-01f7-417a-80a8-ca2e7fb2d748_f89afe1d-cd4b-4471-93da-d1a2da692406",
                  "value": "b%3A0"
               },
               {
                  "key": "perm_isDashboardTime_widget_0488a094-01f7-417a-80a8-ca2e7fb2d748_f89afe1d-cd4b-4471-93da-d1a2da692406",
                  "value": "b%3A0"
               }
            ],
            "title": "Cores Distribution accross all Datacenters",
            "type": "View"
         },
         {
            "collapsed": false,
            "config": {
               "chartViewItems": [],
               "isUpdatedView": true,
               "refreshContent": {"refreshContent": true},
               "refreshInterval": 300,
               "resource": {
                  "id": "Ext.vcops.chrome.model.Resource-10",
                  "resourceId": "resource:id:0_::_",
                  "resourceKindId": "002006VMWAREvSphere World",
                  "resourceName": "vSphere World",
                  "traversalSpecId": ""
               },
               "selectFirstRow": {"selectFirstRow": false},
               "selfProvider": {"selfProvider": true},
               "title": "Core Distribution For Hosts accross all Datacenters (Details)",
               "traversalSpecId": null,
               "viewDefinitionId": "f3610358-f83c-404e-8ec6-2efd3362caa0"
            },
            "gridsterCoords": {
               "h": 6,
               "w": 7,
               "x": 5,
               "y": 11
            },
            "height": 324,
            "id": "e0f60445-e92e-4917-a2da-153d765a6d91",
            "states": [
               {
                  "key": "permSelectedDate_widget_0488a094-01f7-417a-80a8-ca2e7fb2d748_e0f60445-e92e-4917-a2da-153d765a6d91",
                  "value": "s%3A%7B%22minType%22%3A%22.TimeIntervalControl%22%2C%22advancedTimeMode%22%3Afalse%2C%22fromTime%22%3Anull%2C%22unit%22%3A%22DAYS%22%2C%22count%22%3A7%2C%22priorUnit%22%3Anull%2C%22priorCount%22%3Anull%2C%22startSubUnit%22%3Anull%2C%22startPeriod%22%3Anull%2C%22toTime%22%3Anull%2C%22endUnit%22%3Anull%2C%22endCount%22%3Anull%2C%22endSubUnit%22%3Anull%2C%22endPeriod%22%3Anull%2C%22isRealTimeData%22%3Anull%2C%22mondayHours%22%3A%5B%5D%2C%22tuesdayHours%22%3A%5B%5D%2C%22wednesdayHours%22%3A%5B%5D%2C%22thursdayHours%22%3A%5B%5D%2C%22fridayHours%22%3A%5B%5D%2C%22saturdayHours%22%3A%5B%5D%2C%22sundayHours%22%3A%5B%5D%7D"
               },
               {
                  "key": "perm_isDashboardTime_widget_0488a094-01f7-417a-80a8-ca2e7fb2d748_e0f60445-e92e-4917-a2da-153d765a6d91",
                  "value": "b%3A0"
               },
               {
                  "key": "perm_toolbarVisible_widget_0488a094-01f7-417a-80a8-ca2e7fb2d748_e0f60445-e92e-4917-a2da-153d765a6d91",
                  "value": "b%3A1"
               }
            ],
            "title": "Core Distribution For Hosts accross all Datacenters (Details)",
            "type": "View"
         },
         {
            "collapsed": false,
            "config": {
               "chartViewItems": [],
               "isUpdatedView": true,
               "refreshContent": {"refreshContent": false},
               "refreshInterval": 300,
               "resource": {
                  "id": "Ext.vcops.chrome.model.Resource-2",
                  "resourceId": "resource:id:0_::_",
                  "resourceKindId": "002006VMWAREvSphere World",
                  "resourceName": "vSphere World",
                  "traversalSpecId": ""
               },
               "selectFirstRow": {"selectFirstRow": false},
               "selfProvider": {"selfProvider": true},
               "title": "DataCenter Selection",
               "traversalSpecId": null,
               "viewDefinitionId": "0a6c97cf-ee63-41be-8d4f-f474e213ad08"
            },
            "gridsterCoords": {
               "h": 6,
               "w": 4,
               "x": 1,
               "y": 17
            },
            "height": 324,
            "id": "59992c31-01f9-444b-87a9-af761540f649",
            "states": [{
               "key": "perm_isDashboardTime_widget_0488a094-01f7-417a-80a8-ca2e7fb2d748_59992c31-01f9-444b-87a9-af761540f649",
               "value": "b%3A0"
            }],
            "title": "DataCenter Selection",
            "type": "View"
         },
         {
            "collapsed": false,
            "config": {
               "boxColumns": 2,
               "boxHeight": null,
               "customFilter": {
                  "excludedResources": null,
                  "filter": [],
                  "includedResources": null
               },
               "depth": 1,
               "labelSize": 16,
               "maxCellCount": 100,
               "metric": {
                  "mode": "resource",
                  "resourceKindMetrics": [],
                  "resourceMetrics": [
                     {
                        "colorMethod": 1,
                        "handleOldColoring": false,
                        "id": "extModel24343-3",
                        "isStringMetric": false,
                        "link": "",
                        "metricKey": "cpu|corecount_provisioned",
                        "metricName": "CPU|Number of physical CPUs",
                        "metricUnitId": -1,
                        "orangeBound": null,
                        "redBound": null,
                        "resourceId": "resource:id:0_::_",
                        "resourceKindId": "002006VMWAREvSphere World",
                        "resourceName": "vSphere World",
                        "unit": "Auto",
                        "yellowBound": null
                     },
                     {
                        "colorMethod": 1,
                        "handleOldColoring": false,
                        "id": "extModel24343-5",
                        "isStringMetric": false,
                        "link": "",
                        "metricKey": "cpu|numpackages",
                        "metricName": "CPU|Number of CPU Sockets",
                        "orangeBound": null,
                        "redBound": null,
                        "resourceId": "resource:id:0_::_",
                        "resourceKindId": "002006VMWAREvSphere World",
                        "resourceName": "vSphere World",
                        "yellowBound": null
                     }
                  ]
               },
               "mode": {"layoutMode": "fixedView"},
               "oldMetricValues": true,
               "periodLength": null,
               "refreshContent": {"refreshContent": false},
               "refreshInterval": 300,
               "relationshipMode": {"relationshipMode": 0},
               "resInteractionMode": null,
               "resource": [],
               "roundDecimals": 0,
               "selfProvider": {"selfProvider": true},
               "showDT": {"showDT": false},
               "showMetricName": {"showMetricName": true},
               "showMetricUnit": {"showMetricUnit": true},
               "showResourceName": {"showResourceName": false},
               "showSparkline": {"showSparkline": false},
               "title": "CPU & Core Count",
               "valueSize": 24,
               "visualTheme": 5
            },
            "gridsterCoords": {
               "h": 4,
               "w": 5,
               "x": 1,
               "y": 1
            },
            "height": 210,
            "id": "767649d5-5fa5-49f9-a399-e9f43639f119",
            "title": "CPU & Core Count",
            "type": "Scoreboard"
         },
         {
            "collapsed": false,
            "config": {
               "chartViewItems": ["legend"],
               "isUpdatedView": true,
               "refreshContent": {"refreshContent": false},
               "refreshInterval": 300,
               "resource": {
                  "id": "Ext.vcops.chrome.model.Resource-1",
                  "resourceId": "resource:id:0_::_",
                  "resourceKindId": "002006VMWAREvSphere World",
                  "resourceName": "vSphere World",
                  "traversalSpecId": ""
               },
               "selectFirstRow": {"selectFirstRow": false},
               "selfProvider": {"selfProvider": true},
               "title": "CPU Core Usage Trend and Projection",
               "traversalSpecId": null,
               "viewDefinitionId": "e27925b5-1cf1-4fde-a835-41c84577be35"
            },
            "gridsterCoords": {
               "h": 6,
               "w": 11,
               "x": 1,
               "y": 5
            },
            "height": 318,
            "id": "080ececc-97ba-4311-ac0b-f3a024470498",
            "states": [{
               "key": "perm_isDashboardTime_widget_0488a094-01f7-417a-80a8-ca2e7fb2d748_080ececc-97ba-4311-ac0b-f3a024470498",
               "value": "b%3A0"
            }],
            "title": "CPU Core Usage Trend and Projection",
            "type": "View"
         }
      ]
   }],
   "entries": {"resource": [{
      "adapterKindKey": "VMWARE",
      "identifiers": [],
      "internalId": "resource:id:0_::_",
      "name": "vSphere World",
      "resourceKindKey": "vSphere World"
   }]},
   "uuid": "8b658a40-5a3f-41f6-84fd-78bd87cf12bc"
}