<?xml version="1.0" encoding="UTF-8" standalone="yes"?>
<Content>
    <Views>
        <ViewDef id="9a46e441-eb97-4b25-bf0d-7d702c320c54">
            <Title>Core Distribution Donut</Title>
            <Description/>
            <SubjectType adapterKind="VMWARE" resourceKind="HostSystem" type="descendant"/>
            <Usage>dashboard</Usage>
            <Usage>report</Usage>
            <Usage>details</Usage>
            <Usage>content</Usage>
            <Controls>
                <Control id="time-interval-selector_id_36" type="time-interval-selector" visible="false">
                    <Property name="advancedTimeMode" value="false"/>
                    <Property name="unit" value="DAYS"/>
                    <Property name="count" value="7"/>
                </Control>
                <Control id="attributes-selector_id_37" type="attributes-selector" visible="false">
                    <Property name="attributeInfos">
                        <List>
                            <Item>
<Value>
    <Property name="objectType" value="RESOURCE"/>
    <Property name="attributeKey" value="hardware|cpuInfo|num_CpuCores"/>
    <Property name="preferredUnitId" value="7001"/>
    <Property name="isStringAttribute" value="false"/>
    <Property name="adapterKind" value="VMWARE"/>
    <Property name="resourceKind" value="HostSystem"/>
    <Property name="rollUpType" value="NONE"/>
    <Property name="rollUpCount" value="0"/>
    <Property name="transformations">
        <List>
            <Item value="CURRENT"/>
        </List>
    </Property>
    <Property name="isProperty" value="false"/>
    <Property name="displayName" value="Core Distribution"/>
    <Property name="isShowRelativeTimestamp" value="false"/>
</Value>
                            </Item>
                        </List>
                    </Property>
                </Control>
                <Control id="buckets-control_id_38" type="buckets-control" visible="false">
                    <Property name="maxValue" value="0"/>
                    <Property name="minValue" value="0"/>
                    <Property name="dynamicCalcFunction" value="SIMPLEMAXMIN"/>
                    <Property name="bucketInfos">
                        <List>
                            <Item>
<Value>
    <Property name="startValue" value="0"/>
    <Property name="endValue" value="16"/>
    <Property name="bucketColor" value="6870C4"/>
</Value>
                            </Item>
                            <Item>
<Value>
    <Property name="startValue" value="17"/>
    <Property name="endValue" value="32"/>
    <Property name="bucketColor" value="0095D3"/>
</Value>
                            </Item>
                            <Item>
<Value>
    <Property name="startValue" value="33"/>
    <Property name="endValue" value="48"/>
    <Property name="bucketColor" value="009CBF"/>
</Value>
                            </Item>
                        </List>
                    </Property>
                    <Property name="isDynamic" value="false"/>
                    <Property name="isSum" value="false"/>
                </Control>
                <Control id="metadata_id_39" type="metadata" visible="false">
                    <Property name="maxPointsCount" value="5000"/>
                    <Property name="hideObjectNameColumn" value="false"/>
                    <Property name="listTopResultSize" value="-1"/>
                </Control>
            </Controls>
            <DataProviders>
                <DataProvider dataType="distribution-view" id="distribution-view_id_35"/>
            </DataProviders>
            <Presentation type="donut-chart"/>
        </ViewDef>
        <ViewDef id="e1a24911-4645-4899-9d1e-9334a0447c53">
            <Title>Core image</Title>
            <Description/>
            <Usage>dashboard</Usage>
            <Usage>content</Usage>
            <Presentation type="image">
                <DataBinding>
                    <Source>iVBORw0KGgoAAAANSUhEUgAABaUAAAHkCAIAAAChbdSyAAAACXBIWXMAAA7EAAAOxAGVKw4bAAAg&#13;
AElEQVR42uy9aXQV15nu7099P3TfrE66P6VXr9Vxf0iy0kn/Vye+3bG7Yyd27GvsGOPYjifsxI4N&#13;
nidiII6NjY0hHhhsDAgbEGISowQCiUEMEpNAEiABYpCQ0IxmIRkNDOb/5Ppe99Y+R0LAOad2Vf1+&#13;
q5aXF5br7P28zy7xPqdq1zUXAQAAAAAAAACCxTVIAAAAAAAAAAABg7wDAAAAAAAAAIIGeQcAAAAA&#13;
AAAABA3yDgAAAAAAAAAIGuQdAAAAAAAAABA0yDsAAAAAAAAAIGiQdwAAAAAAAABA0CDvAAAAAAAA&#13;
AICgQd4BAAAAAAAAAEGDvAMAAAAAAAAAggZ5BwAAAAAAAAAEDfIOAAAAAAAAAAga5B0AAAAAAAAA&#13;
EDTIOwAAAAAAAAAgaJB3AAAAAAAAAEDQIO8AAAAAAAAAgKBB3gEAAAAAAAAAQYO8AwAAAAAAAACC&#13;
BnkHAAAAAAAAAAQN8g4AAAAAAAAACBrkHQAAAAAAAAAQNMg7AAAAAAAAACBokHcAAAAAAAAAQNAg&#13;
7wAAAAAAAACAoEHeAQAAAAAAAABBg7wDAAAAAAAAAIIGeQcAAAAAAAAABA3yDgAAAAAAAAAIGuQd&#13;
AAAAAAAAABA0yDsAAAAAAAAAIGiQdwAAAAAAAABA0CDvAAAAAAAAAICgQd4BAAAAAAAAAEGDvAMA&#13;
AAAAAAAAggZ5BwAAAAAAAAAEDfIOAAAAAAAAAAga5B0AAAAAAAAAEDTIOwAAAAAAAAAgaJB3AAAA&#13;
AAAAAEDQIO8AAAAAAAAAgKBB3gEAAAAAAAAAQYO8AwAAAAAAAACCBnkHAAAAAAAAAAQN8g4AAAAA&#13;
AAAACBrkHQAAAAAAAAAQNMg7AAAAAAAAACBokHcAAAAAAAAAQNAg7wAAAAAAAACAoEHeAQAAAAAA&#13;
AABBg7wDAAAAAAAAAIIGeUfQ6GzuObmvpTC9ctfiE9s+O7Zh2uGMiUUr/lS46JU980buTHo095N7&#13;
t3w4ZON7N2aOu26N/ql/15/oz/Vf9TP6Sf28/i/9vzqDznNyX7POibAA4aH+zLmcmq7PDp2evK/t&#13;
7T0to7Y3jdjc8ND6+l+tqb1pRfVPUqu+m3Ly25+X/8+ZZddMO65/6t/1J/pz/Vf9jH5SP6//S/+v&#13;
zqDz6Gw6J8IChI3Gli/yiqoXryv6bHn+lJSd787aOmbyhucnZPzu9ZX3v7zkjqdTbnrs85/cN+P7&#13;
d079x1+8r3/q3/Un+nP9V/2MflI/r/9L/6/OoPPobDonwgKEh5au5uL6fZlH01ceXLxg3+ez90yb&#13;
un3ixC1vvLHh1VFrRz6b/tjjy+57YNGQu5Jv+uVn/0v/1L/rT/Tn+q/6Gf2kfl7/l/5fnUHn0dla&#13;
zjQjLHkH+IDzvRdOHT99OLsud+7xVeP2ffa77RN/kTXuujXxOCbdvF7nT3trvz7rcHZtQ2mHPp0S&#13;
APidnvNfFjX1LC/tnJDf+uiG+v9YWvXNWX9JMeJxfCvphM7/2MZTE/a26BOLm3v16ZQAIBj0nj1f&#13;
cqJxXc7RTxbtfmnSuqHPLfyXuz7+x1+8H4/jh0M/Hvrswpf/nKnPWptz9Eh5kz6dEgD4nbPne0+0&#13;
lOaWb168f9772956YfXjw+bf/MvP/lc8jntSbtH539/2tj5Ln1jeWqZPpwTkHeAx53rPl+5u3DS9&#13;
ZOGLedOGbY5TtDH4Q2PQSDQejUpjo0AA7tN97sv1J8+M2dl0e3rtPydXxCnaGPyhMWgkGo9GpbFR&#13;
IAC/0NN7btveiomf5Tw6Zvl/PjI7TtHG4A+NQSPReDQqjY0CAbhP7/ne/Ordn+/99I/rX3xs6T1x&#13;
ijYGf2gMGonGo1H1En+Qd0Bi+PLLLysKmrfOPjpv5E7PA46BD41Q49RoNWYKB+DSZeTi1uqucXnN&#13;
N62s9jzgGPjQCDVOjZarCICbfyfZdaBqcvKO+19e4nnAMfChEWqcGi1/JwFw7TJyoK5wfuHsUWtH&#13;
eh5wDHxohCmFszVaLiPkHRB7qopbc+cdX/D87vHXr3U85og8NOYFz+dp/JoFpQTwil113e/lt9yW&#13;
XvM/ppc6HnNEHhqzRq7xaxaUEsBbCg7XTl+0+5HRy//5to8cjzkiD41ZI9f4NQtKCeAVhxuKl+xP&#13;
Hpv1wpC5Nzgec0QeGrNGrvFrFpSSvAOuioMba1P/kP/eTZlXnDW8+7N1s4bnLH+9IGvyoS1JR3cu&#13;
KMtfebJ4fc3RnPry/Kbakramk50djd29Z85duHBB/9S/60/05/qv+hn9pH5e/5f+X51B59HZdM4r&#13;
Ho/mohlpXhQXIDGkHusYtrbuGzOvfBuOv55R+m9LKh/Iqn85p/HN3c0fFLbOOti+6GjH6hOdW6rP&#13;
5Dd0H23trf3iXMdZXUUu6J/6d/2J/lz/VT+jn9TP6//S/6sz6Dw6m855xePRXDQjzYviAiSSNVuO&#13;
PPlm2lebiV7Z8d0hU24fMf/Zd9a8PWPLR/N2zFq6d2HGgbTsko07S3furyw6Wl9W1XKqubPzTK8u&#13;
Jvqn/l1/oj/Xf9XP6Cf18/q/9P/qDDqPzqZzXvF4NBfNSPOiuACJYeuJjW9tem1o8s+vOGv41bwb&#13;
n0kbPmHz6zN3T5lfkLSsaOHaI6s2l63fdTJnf23BsaaS6vaTzWeaus6e0WVE/9S/60/05/qv+hn9&#13;
pH5e/5f+X51B59HZdM4rHo/mohlpXhSXvAMug4rC5oyJRZMuf7fRKXdlL3g+L/ODg3uWVZTlNbbX&#13;
d8VphDqzzq9P0WfpE/W5l7/jaZbmeLKQ/ZAB4sK2mq6RWxq+mXTictOEf5pXcVt67fPbGqcXtW+s&#13;
PFPZEa/n3nVmnV+fos/SJ+pzL3eomp3mqJlSboD4sftA1dgpG/9l6GXvNvrTh5IeGb38zU+yk9P3&#13;
5RZU1DScjtMIdWadX5+iz9In6nMvd6ianeaomVJugHhQVFc4bcekYSmXvdvoI0uGjs16YfquD1cf&#13;
Xl5Ys6ehsz5OI9SZdX59ij5Ln6jPvdyhanaaY1F9IeUm74B+aaro3Dr72Cf3bRl8ajB1aHba2/v3&#13;
Z1TVH2s/1+PlFqH6dI1BI9F4NKrBT0Hz3Zp0VHPHAABXz5GW3rfyWr6XcnLwqcF35lX8duOpeYdP&#13;
72/s6fJ0i1B9usagkWg837mc+EPzHZfXfKSVvcQAYkZpZfPk+Ttv+u3ng08Nrn846ZU/Zy5bf/BQ&#13;
aUN3j5dbhOrTNQaNROPRqAY/Bc13cvIOzR0DAFw9VW0VKYWfPb78/sGnBsNT7/4gZ/yGYxllzcd6&#13;
zvd4OHh9usagkWg8GtXgp6D5zi+crbljAPIO+H+/lTvO5q+smDdy1yADgg+HbFzxemHBqpNNJ93N&#13;
CDQ2jVDj1GgHOa+5I3ZKB6mBJQAul7aeCzOL229aWTPIgODbn5c/mFWfdLD9qMMZgcamEWqcGu0g&#13;
53XjimrpIDWwBMCVcbqzZ8Ga/fe/kjrIgOAn98147t2MRRkHyqpanJ2UxqYRapwa7SDndd/LS6SD&#13;
1MASAJdLZ29HRsnKUWufHmRA8MCiIe9t+dO6I2nV7SednZTGphFqnBrtIOf1asZI6SA1sAR5R3ip&#13;
O9qe9ta+wWQBf75lfepre/OWlp86ftp309SYNXKNX7MYzGSliZTBHgCDYV9jz2Mb6weTBfxd0olf&#13;
r6v7+EBbUZP//gavMWvk96yt+7vBPaEjTaQM9gAYPIdKG16etG4wWcCP7v7kqXFpc1cVlpxo9N00&#13;
NWaNXOPXLAYzWWkiZbAHwGAobT76/ra3B5MF/Drll29vGp1+aOmJllLfTVNj1sg1fs1iMJOVJlIG&#13;
e5B3hIvq4tblfyy4ZOc/4WeZ6e8cKNvdGJiJay6akeZ1yblLn2re5wLQP7vqu3+TWTeI3UbLHt90&#13;
amPlmcBMfEPlF5qR5nXJuf8mq14qYRWAgSk4XPvM+DWD2W101AdZuQUVgZl4Tn6FZjSYHU+lD+9z&#13;
ARiAww3F725+/dK7jSbf+GHOOwXVecG5flbnaUaa1yXnLn1KeJ8LeUcYqChoXjJq7yW7/UUv7Tmw&#13;
rvr82WDela15aXaa4yV1kFbl+U3YBsBkS3XX0IxLJx13rK5NOXI6oFeRi73nv0w50nHHmtpL6iCt&#13;
NledwTYAkezcX/nEG6su2e0/9seVKzceOncumFeTs2fPa3aa4yV1eOKNtB37KrENgMmBuoJxG0dd&#13;
stv/04aXN5Vmnj0fzOfWNS/NTnO8pA7San9tPrYh7wgmx3ecSnlu98DtfdLwnJ0LytpPheV1A5qp&#13;
5qtZDyyLdDu+g7tJAS6uq/ji1rRLbNLx4yWVHxS2VnWcC4kmmukHhW2a9cCySDeph4UAvmJz3omH&#13;
X1s2cHs/ZOT8WUv31jaE5eFzzVTz1awHlkW6ST0sBLCnaueYzOcHbu+fSXt0efHCxi9OhUQTzVTz&#13;
1awHlkW6ST0sRN4RHEq21M19aufAW5BumHq4tiS8m1Zo7lJg4M1NpaGUxE4QTlaWdf5sRfXAW5C+&#13;
ur0pvyG8m1Zo7lJg4M1NpaGUxE4QZjJzj9370uKBtyB9Z+bWomP1oZVIc5cCA29ueu9LSzJzj2Mn&#13;
CCfbK7a8kjFi4C1Ik/KmHWsqCa1EmrsUGHhzU2koJbETeYe/KS9o/vzx7QO9UPbu7LzUcoT6Gqkh&#13;
TQZQTHpKVYSC8LCluuuny6oG6OGvnVcx7UAbQn2N1Lh2wNfZSk+pilAQNnburxz63MIBevgbHk6a&#13;
s7IQob5Gatww4OtspadURSgIDwfqCl5c/cQAPfyjqcPSDqUi1NdIDWkygGLSU6oiFHmH/+g6fTZj&#13;
YtEAffunv9lasOokQkVFykifAdSTtlIYoSDYtHRfGLmlYYC+/QcLTyYd5GVG0ZEy0mcA9aStFEYo&#13;
CANtHd1jp2wcoG+/+fG5izIOIFRUpIz0GUA9aSuFEQqCTUfP6Wk7Jg3Qt/9+xQNrj6xCqKhIGekz&#13;
gHrSVgojFHmHb8hfeXLSzVkDbNJxYF01Kl0SqTTA1h5SOH9lBSpBUJlZ3P6tpLIBNulIOcIb3S+N&#13;
VBpgaw8pLJ1RCYLNgjX7fzj04wE26Vi58RAqXRKpNMDWHlJYOqMSBJWMkpX3pNwywCYdm0ozUemS&#13;
SKUBtvaQwtIZlcg7XKe6uDV5ZL9bdcx5csehbN5ndnlIMenWn6TzRu6s4rW1ECx21Xf/fGW/W3X8&#13;
5/LqZcfZgeLykGLSrT9JpfauOr6bhQBScLj2N6+k9tei3/Pi4rXbjqLSZSHFpFt/kkptXlsLAaOk&#13;
oXjU2qf7a9FfzngypzwblS4LKSbd+pNUah/mtbXkHW5ytvt81uRD/e61+eTOo7n1qHTFSD1p2J+8&#13;
Ul76oxL4nTPnvnwpp7G/tvy/VlSvKSfpuHKk3n/1v+erlJf+qATBoKvn3Fufbu6vLf/1i4s37SpF&#13;
pStG6v26/9RDykt/VAK/03Oue+buyf3vtfnU7spcVLpipJ407E9eKS/9UYm8wyH2Z1R91M+7Rd67&#13;
KTNvKTuSxgYpKT2j6iz9VQUkAv8yr+T0P8yJ/m6Rb8ws+5gdSWOElJSeUXWW/qoCEoHfWbb+4HX3&#13;
z4zain//zqlzV7EjaWyQktIzqs7X3T9DVUAi8C8bjmU8uPiOqK340Pk/Tzu0FIligpSUnlF1lv6q&#13;
AhKRd3hPd8fZZWML+rvvYPW7RZ0tPagUQ6Tn6ncO9Ce4aqGKoBL4i7aeC/dn1vd338HvsxtOneH2&#13;
pVgiPZ/YdKo/wVULVQSVwI+c7ux5evya/u47eO3D9U2tX6BSDGlqPfOHD7L6E1y1UEVQCXz2N+3e&#13;
jnc3/7G/+w4mb5/Q2tWCSjFEen6U+25/gqsWqggqkXd4xok9jf29PHX2Y7lleY1IFCekrRTu7xW/&#13;
qgsSgV/YVHXm2uToL0+9LrVqQ+UZJIoT0lYKR3/Fb3KF6oJE4C+2F57s7+Wpdz6dkpNfgURxQtre&#13;
+fSC/l7xq7ogEfiFwpo9/b089bn03xZU5yFRnCioyZPC/b3iV3VBIvIOL/5ikXw8ar89/vq1O1J4&#13;
LDYR7Egpk9pRq7B9PiUAHzAxvyVqv/1X00vfL2Aj3kQgnaV21CpMogTgHz5dnBe137721o9mpvIX&#13;
5UQgnaV21CrMWEIJwAcsOZActd++fc4Ny4oWoE8CkM5SO2oVUovmow95R+LoOn126Zj8qG32ijcK&#13;
2+u6kChhSG1pHrUWS0fnq1JIBG7S0n3h3nV1Udvsh9fXn+xgr7vEIbWledRaqEaqFBKBy7R1dI94&#13;
a3XUNvuFCRk1p9iSJnFI7RcmrI1aixFvpatSSARu0tFzenz2mKht9sQtb57q5JULiUNqS/OotVCN&#13;
VCkkIu+IO2V5jVOHRnmGZdLNWYez69DHE6S89I/ybMvQbJ4qAgfZUHnmO9GeYflWUtnyUt7A4g1S&#13;
XvpHFuU78yp4qgicJSe/4vpoz7D8cOjH63KOoY8nSHnpH1kUVYqnisBBCmryhqfeHdld35NyS275&#13;
ZvTxBCkv/SOLokrxVBF5R5zNN6806q0EKc/tbq3lL8ReIv1VhajVUdXQB9zhvfzWqLcS3JpWW84d&#13;
SZ4i/VWFqNVR1dAHXGP6oujPsDz82rKqunb08RDprypErY6qhj7gDv09wzIm6/n6jlr08RDprypE&#13;
rY6qhj7kHbHnTFtv6mvRn2HJ/vQI+jiCahG1RqqdKog+4C1NXefvWRv9GZaxO5vRxxFUi6g1Uu1U&#13;
QfQBF2hp73pqXHrUdnrS57no4wiqRdQaPTUuTRVEH/CW9u62tzeNjtpOz9n7Kfo4gmoRtUaqnSqI&#13;
PuQdMaO58osZD26L7KL//Mv1hzfzDItbqCKqS2SxVEHVEX3AK461nf3RosrILvrvZ59YwTMsjqGK&#13;
qC6RxVIFVUf0AW85Ud166+/nRXbR/zrsE55hcQ1VRHWJLJYqqDqiD3hFdXvliJUPRXbR9y64lWdY&#13;
XEMVUV0ii6UKqo7oQ94RiyvCwbbJd26K7J8XPL+brUndRHVRdSJLpjrWHCQKBQ/Iq+/+x7nlkf3z&#13;
bek1bE3qJqqLqhNZMtVR1UQf8Ip9JXX//sDMyP75kdHL2JrUTVQXVSeyZKqjqok+kHiONB56aPGv&#13;
IvvnsVkvsDWpm6guqk5kyVRHVRN9yDuuitJdDRNuzIzsnDfP5BkW11GNIgunapbuYgdTSChZJ8/8&#13;
zYwoG2G+votnWFxHNYosnKqpmiIOJJ6te8u/d8fUyM75/TnbEcdxVKPIwqmaqiniQCLJr951V/KN&#13;
kZ3zvPyZiOM4qlFk4VRN1RRxBg95Rx+KN9RENswTf5FVspXs0x+oUqpXZBGL19cgDiSGxcc6Ihvm&#13;
v51VtqqMZ1j8gSqlekUWcdHRDsSBRJK+uSSyYf7BXdOyth9HHF+gSqlekUVMyz6MOJAYtpRtiGyY&#13;
h82/eUfFVsTxBaqU6hVZxM2l6xFnkJB3/Dd7l1dE9slThmbXHWHPcz+hek2J9v7gPcv4RgXizqfF&#13;
7VHfb1rY0IM4PqKwsUdViyzl9CKej4MEMX/1/ijvN30o6eDxU4jjI1QvVS2ylMnp+xAH4s2akhVR&#13;
329a2nwUcXyE6hX1/cGrDy9HnMFA3vF/yZlzLLJDnjU8h5fO+hFVLWl4bmRBVWXEgfjxzp6WyA75&#13;
x0uqeOmsH1HVVLvIgqrKiAPxZtqCXZEd8u0j5lfV8wWM/1DVhoxMiSyoqow4ED8W7psT2SE/vWo4&#13;
L531I6raM2mPRhZUVUacS0Le8RfWTzkU2RvPf3Z3dwddil9R7VTByLKq1ogD8eCV3MbI3viWVTXt&#13;
vRcQx6e09VxQBSPLqlojDsSP8TO2RPbGD45aerqT28T8imqnCkaWVbVGHIgHs/KmRvbGozOf6+zl&#13;
wUy/otqpgpFlVa0RZ2DIOy6mj98f2RUvG1OAMgFAdYwsriqOMhBbfrfpVGRXfF8m+/AHAdUxsriq&#13;
OMpAPHj1/czIrnjk26tRJgCojpHFVcVRBmLLhznjI7vid7LHokwAUB0ji6uKo8wAhD3viHpnx5r3&#13;
inBGYFA1ucsD4krUOzue2tyAMoFB1eQuD0gAUe/sGD15A8oEBlWTuzwgrkS9s2PK9vdQJjComtzl&#13;
cVmEOu+IumfHpk9KsEXAUE3ZywPiRNQ9O0bvaEKZoHUpO5rYywPiStQ9O96bvQ1lAoZqyl4eECei&#13;
7tnx+Z7pKBMwVFP28hg84c079iwrj+yBd6SU4YlAospGlnvv8gqUgathelFbZA/854JWlAkkqmxk&#13;
uT8tZv9IiAHJ6fsie+AZqXtQJpCospHlnr+ah23hqlh9eHlkD7y0KAVlAokqG1nuNSUrUCaSkOYd&#13;
xetrCDvCRtTIo3hDDcrAlbHoaAdhR9iIGnksPsb2b3BVpGUfJuwIG1Ejj/TN3GIMV8jm0vWEHWEj&#13;
auSxpYxHIG3CmHeU7mpM8GMsU+7K/upTJv4ii/Mn/vxfE/XBltJd7LMAl03WyTMJfozln+ZVfPUp&#13;
fzurjPMn/vxfE/XBFvmBRQFXxta95TzGEk6iPtgiP6AMXC751bt4jCWcRH2wRX5AmVDnHTUH2ybc&#13;
mJngDUrJIxzJOy5G275Ufqg+2Ma1AAZPXn3338woS/AGpeQRjuQdF6NtXyo/yBUsDbhc9pXUfe+O&#13;
qYncoPSnDyV99Sk/uGsa50/8+S0ity+VH+QKlgYMniONh+5KvpENSkNL5Pal8oNcgTIhzTuaK7+Y&#13;
fOemxL96ljzCnbzjYrSX1MoV8gaXAxgMx9rO/uPc8sS/epY8wp284+JfXlJbb3lArpA3WCAweE5U&#13;
t/77AzMT/OpZ8gin8o6L0V5SK1fIGywQGAzV7ZUPLf4Vr54NOZEvqZUr5A2UCV3ecaatd8aD26xG&#13;
d/6zuxPw0eQRTuUdQnW3nCBvyCFcEWBgmrrO/2hRpdXo3rIqEbvAkEc4lXeIW9JqLCfIG3IIywQG&#13;
Q0t7162/n2c1ug+OWhrvzyWPcC3vEKq75QR5Qw5hmcDAtHe3jVj5kNXojs58DmVCiOpuOUHekENQ&#13;
Jlx5R+pr+VaLmzQ8t7sjEV/HkUe4lneo7rOG51h+kEO4IsDA3LO2zmpxf7ykqq3nAnlHCPMO1f3f&#13;
FtvhlxzCMoHB8NS4NKvFHTIy5XRnD3lHCPMO1f32EfMtPzw1Lp1lAgPz9qbRVov7TNqjnb1soR1G&#13;
VPenVw23/CCHoEyI8o7ceaVWcztlaHZrbYJ2mCOPcC3vEKq+PGC5Qj7hogD98V6+/W6O78yrKD+d&#13;
oEcYyCNcyzuEqv+d//e5Xx/yCYsFBmb6ojyrub3+oaSq+kS825g8wsG8Q6j61/+/j/76kE9YLNAf&#13;
Sw4kW83t8NS76ztqUSa0qPrygOUK+QRlQpF3lOXZL2RRX113pD1hAyCPcDDvEPKAPtHyhtzCdQEi&#13;
2VBpv5BFfXVhY0/CBkAe4WDeIeQBfaLlDbmFJQP9kZNfYbW1aq0PHj+VmE8nj3Az7xDygD7U8obc&#13;
wpKBSAqq86y2dtj8m0ubj6JMyJEH5ATLGwU1YU9Og593dJ0+OzXia/ySrfWJHAN5hJt5h5ATLG/I&#13;
LV2n2XQQ+tDSfSHya/xVZZ2JHAN5hJt5h5AT7Bt/kivkGRYORNLW0X39w/bX+FnbjydsAOQRzuYd&#13;
Qk6wb/x5OEmeYeGASUfP6civ8XdUbEUZEHJC5I0/8gx5R5BZOtretmPzzCMJHgN5hLN5h5AfLIcs&#13;
HcNGHtCHe9fZ23a8vqs5wWMgj3A27xDyg+UQeYaFA5GMeCvdamjfn7M9kQMgj3A57xDyg+WQEW+t&#13;
ZuGAyfjsMVZDOy9/JrLA18gPlkPkGfKOwLJ9vr1tx4Lndyd+GOQRLucdQq6wfLI9+fhFgP/DpAJ7&#13;
247b0msSPwzyCJfzDiFXWD6ZmN/C8gGTGUv2WK3sI6OXJXgM5BGO5x1CrrB88uliNvKA/0tq0Xyr&#13;
lR2b9QKygIVcwUYeocg7Tuyxt+348y/Xt9d58H4v8gjH8w65Qt6w3CL/cLmETVX2th1/P/vEyY5z&#13;
5B3kHRZyhbxhuUX+YRHBV2wvPGk1sf867JOaU4m+x5g8wv28Q66QNyy3yD8sIiis2WM1sfcuuPVU&#13;
Zz3KgIVcIW9YbpF/yDsCRXfH2al329t2HN7szQ3G5BGO5x1C3rA38rg7OzGvKwZnaeu5cG2yvW3H&#13;
itJOTwZDHuF43iHkDcst8k9iXlcMjnO6s+eGiG071uUcS/xIyCPczzuEvGG5Rf5JwOuKwWU6ezse&#13;
TR1mdbC55ZtRBqIib1hukX/C+briwOYdy8YWWO1r9qdx3LZDjfrAh/lqmHgcITl/XD0jh1iekYu4&#13;
XIaZ+zPrrfZ17M44btuhRn3gw3w1TDyOkJw/rp6RQyzPyEUsJXh6/BqrfZ30ea4nIyGP8EXeIeQQ&#13;
yzNyEUspzLy7+Y9W+zpn76fIAgMgh1iekYvIOwLC/owqq3FNeS6+23ZYH8cRpyPezpFPrE+Ul7hc&#13;
hpN5JaetxvXWtPi+1t76OI44HfF2jnxifaK8xIIKM8vWH7Qa14dfi+O2HWrUBz7M9+DG4wjJ+RPg&#13;
HPnEco68xIIKJxuOZViN65is55EFLol8YjlHXiLv8D1nu89/NGSj2bJOujmrtTa+D1GTRAQj75BP&#13;
5BbzE+UlOYrLZdg4c+7Lf5hTbras30oqK4/zi4pJIoKRd8gncov5ifKSHMWyCiddPeeuu3+G2bL+&#13;
cOjHVXXt8ftEq0PmiNORAPPIJ3KL+aHX3T9TjmJZhY2ec90PLr7DbFnvSbmlvqMWZeCSyCdyi2ke&#13;
eUmOIu/wN1mTD9nbdmTHfdsO83GMmQ/ncMTwSGTeIeQWyz9yFJfLsPFSTqPVJC+P/7Yd5uMY/9/i&#13;
So4YHonMO8TyiI085CiWVTh569PNCd62gyQiMHnHxWgbechRLKuwMXP3ZLbtgCsmciMPOYq8w8dU&#13;
FbdazeqKNwoT8Llff5z6c9ZVbJk3cmci8w4hz1guqi5upRDhYVddt9WsPrw+EbKqTRAAACAASURB&#13;
VFswfP1x6s+pQmy5aWV1IvMOIc9YLtpV300hwkbB4VqrWX1hwtp4f6j5OMb/fiqZI4ZH4vMO8cKE&#13;
DMtF8hWLKzwcbii2mtWJW95EFrgs5BnLRSUNxeQdQeiNdYy/fm1iXkBL3hGkvEOekXNMIyWP3Ekh&#13;
wsPPjd5Yx19NL03MC2jJO4KUd8gzco5pJPmKQoSN37ySarap1976UQJeQPv1x6k/pwSx5f6XlyQ+&#13;
75Bn5BzTSPIVtQgPo9Y+bbapt8+5gRfQwuUiz8g5ppHkK/IOX5K/ssL6Wn5HSoJeTEjeEaS8Q+xI&#13;
KbW8lL/yJLUIAzOL262v5d8vSNDdPeQdQco7hJxjeUnuohbhYcGa/dbX8jNT9yTgc8k7ApZ3/OUX&#13;
U+oey0tyF+UIAxklK62v5ZcVLUAWuALkHMtLchd5h8/oOn3W2mly9mOJe9kbeUfA8g4h/1i73nbF&#13;
ebtK8JyW7gvWTpPXpSbuBT3kHQHLO4T8Y+16K49RjjDQ1tFt7TR559MJ6lLIO4KXd4g7n06xdr2V&#13;
x6hIsOnoOW3tNPlc+m+RBa4Y+cfa9VYeI+/wExkTi6wv5MvyErc/HHlH8PIO+cdylDxGOYLNyC0N&#13;
1hfyGyrPJOzTyTuCl3fIP5aj5DHKEQbGTtlofSGfk19B3kHeccXIP5aj5DEqEmym7ZhkfSFfUJOH&#13;
LHDFFFTnWY6Sx8g7fEN5QbPVmq5+50AiB0DeEby8Q6x+1w7R5DQqElS2VHdZrekTm04l9HJM3hG4&#13;
vEP8PtsO0eQ0KhJsdu6vtFrTP3yQlbBPJ+8IZN4hXvtwveUrOY2iBJUDdQVWa/pR7rvIAlfJ5O0T&#13;
LF/JaeQd/uDzx7ebTel7N2V2tvTEPMsYzEHeEde8YzBHDD9aLpKXzJPLaVQkqPx0WZ9HD74xs+zU&#13;
mfMxzzIGc5B3xDXvGMwRw4+Wi+Ql8+RyGhUJNkOfW2g2pd+/c2pTa+LuFCPvCGre0dT6hbxkWktO&#13;
oyhB5cXVT5hN6dD5P2/takEWuErkInnJtJacRt7hA0q21Fkdb97S8hien7wjtHmHkJes88tvFCV4&#13;
rCzrtDrejw+0xfJSS94R1rxDyEvW+eU3ihJUMnOPW1/Cz11VGPMsYzAHeUdc847BHDEfgLxkfURm&#13;
7jHqEjy2V2yxvoRPO7QUWSAmyEuWu+Q38g7XmftUn3547pMxfnVobPOO2PbtnpwtwQPzNu/4i8Ge&#13;
7Guwp3g3bQD52Yo+/fB/rYjxq0Njm3fEvG+P4dliOLYYnsrbvEP8V1+D/WwF76YNLPe+1Kcl/vWL&#13;
i2N4cvKOkOcdQo4yP+LelxZTl+DxSsYIsx19JeMpNIGYGuypvgYbQd7hNMd3NFjt7tHcGL+Vmrwj&#13;
5HmHHGV9xPEdp7hWBol1FV9Y7e6a8hh//U7eEfK8Q46yPkKuY+kFj815J6yOd9OuUmfzjpj37TE8&#13;
W2zHFqtTuZB3yFHWp8h1LL0gsadqp/X1++7KXGSBGCJHWR6T68g73CXlud1mIzrnyR2eDIO8IzF5&#13;
h1c2k6/MMct1XCuDxK1pNWYj+p/LvfnunbwjMXmHVzaTr8wxy3UsveDx8GvLzEb0nhdj/N07eQd5&#13;
h7in7y0ech1LL0iMyXzebERfzngSTSDmyFemzeQ68g5HKc9vsprnQ9m15B3kHTFHvrKGXcGLWoLC&#13;
5ir7jaHLjnuztwJ5R7DzDvmKF7UEmx377NeyrN12NPHDIO9ITN7hodPkK17UElT21+ZbX7znlGcj&#13;
C8Qc+So8L2rxd96xZNReswVNGu7ZXqHkHcHOO4TcZQ5b3uNaGQyGZtSZLeiPl3j2t0byjmDnHULu&#13;
Moct77EAg8QTb6SZLeiQkfM9GQZ5R+DzDiF3mSN/4o1VLMBgMG7jKLMFfSbtUTSBOCF3mWaT98g7&#13;
nKO6uNXqnA+s82wHOPKOwOcdcpc1cjmQa6Xf2VXfbXXOKUc6yDvIO+KE3GWNXA5kGQaDgsO1VvO8&#13;
cuMh8g7yjjghd1mDlwNZhn6npKHY+sp9U2kmskCckLssvx1uKCbvcIvlfywwm89Pf7PVw8GQdwQ+&#13;
7xDymDlyOZBrpd/5TVa92Xz+YOFJLy/H5B1BzzuEPGaO/DeZ3OIREJ4Zv8ZsPm9+fK5XIyHvCEPe&#13;
IeQxc/ByIMvQ77y7+XWz+fz9igfQBOKKPGZaTg4k73CIuqPtVttcsMrLRoW8Iwx5hzxmDV4+5Frp&#13;
X/Y19lhtc9JBLwtK3hGGvEMeswYvH7IY/c6h0garc16UcYC8g7wjrshj1vjlQxajfyltPmp92b72&#13;
CI8pQXyRxyzXyYfkHa6Q9tY+s+2cerfHe/mQd4Qh7xBymjl4+ZBrpX95bGOfmzuunVfh8eWYvCME&#13;
eYeQ08zBy4csRr/z8qR1Ztt5w8NJHg6GvCMkeYeQ08zxy4csRv/y/ra3zbbz0dRhaAIJQE4zjScf&#13;
knc4QXfHWatnzkstJ+8g70gAcpo1frmRa6Ufaeu5YPXM0w60kXeQdyQAOc0av9zIkvQvpzt7rLZ5&#13;
zspC8g7yjgQgp1lTkBtZkn6ks7fD+po97VAqskACkNMs78mN5B3ek7+ywmw4Pxyy0fMhkXeEJO8Q&#13;
8ps5frmRa6UfmVnc57GCb39e7vmQyDtCkncI+c0cv9zIkvQvC9bsNxvOn9w3w9vxkHeEJ+8Q8ps5&#13;
BbmRJelHMkpWmg3nA4uGoAkkDPnNtJ/cSN7hPXNH7DQbzg1TD5N3kHckDPnNHP+8kbu4UPqRG1dU&#13;
mw3nq7mN5B3kHQnj1e1N5vhvWlnDkvQv9xk9sI53Zm4l7yDvSBjymzmF+1/hpgBf8mrGSLPhTMqb&#13;
hiaQMOQ3036j1j5N3uExTRWdVsNcW+L9N2PkHeHJO+Q3awryJNdKf3GktddqmPNPef9aUPKO8OQd&#13;
+Q32XrlHWnpZmH6ktLLZ6pmLjnm8IQt5R6jyDvnNmoU8ycL0F1VtFdYDBceaSpAFEob8ZjlQniTv&#13;
8JKtSUfNVjNpeI4LoyLvCE/eIeQ6cwpbZx/jWukvxuU1m63mj5dUOnE5Ju8ITd4h5DpzCm/ltbAw&#13;
/cjk5B1mqzlk5HzPh0TeEaq8Q8h15iwmz9/JwvQX8wtnm63mM2mPogkkGLnONGFK4WfkHV7yyX1b&#13;
zFZz54Iyf+UdcLk4mHfIdaYJ5UnK5C++l3LSbDU/KGz1V94Bl4uDeccHhX12LZUnKZMvrfXbz81W&#13;
c9bSveQd5B0JRq4zZyFPsjD9xePL7zdbzeXFC9EEEoxcZ5pQniTv8IyThc3W3QHtp7rIO8g7Eoxc&#13;
Z/mwopDbR33Dtpou6+6AKjdeskPeEaq8o6rjnOVDOZNK+YvdB6qshrm2wftt7Qefd8Dl4mbeIddZ&#13;
PpQzKZZfKKovtB4laPziFLJAgpHrLB8W1RUGZnY+yzsyJhaZTeail/Y4MjDyjlDlHULeM60oZ1Ip&#13;
vzByS4PZZN6xutaVyzF5R5jyDnHHmlrTinImlfIXY6dsNJvMx/7oxJ725B1hyzuEvGdaUc6kWH5h&#13;
2o5JZpP5pw0vowl4grxnWlHOJO/whkk3Z5lN5oF11eQd5B2eIO+ZVpz0iywq5Re+mXTCbDJTjpwm&#13;
7yDv8ISUIx2mFeVMKuUv/mXox2aTuXLjIfIO8g5PkPdMK8qZFMsvDEu52WwyN5Vmogl4grxnWlHO&#13;
JO/wgIMba80Oc8LPMs+fvUDeQd7hCfKeHGgaUv6kWO6TeqxPh/nXM8qcuYqQd4Qu7+g9/6UcaBpS&#13;
/qRYfmHNliNmh/ndIVPOnj1P3kHe4QnynhxoGlL+pF7us/XERrPD/FXyjWfPn0UW8OYycv6sHGga&#13;
Uv4k70h4o/KHfLO9TH/ngDtjI+8IW94h5EDTkPInxXKfYWvrzPby8U0OPSVL3hG2vEPIgaYh5U+K&#13;
5ReefDPNbC9HfeDKXX7kHSHMO4QcaBpS/qRe7vPWptfM9vLDnHfQBDxEDjQNKX+SdySa927q83V6&#13;
2e5G8g7yDg+RA01Dyp8Uy32+MbPP1+kbq86Qd5B3eMiGyi9MQ8qfFMsvfP/OqWZ7mZNfQd5B3uEh&#13;
cqBpSPmTernP0OSfm+1lQXWet+NJKfxMwyhrPnbpX17HMvSTOyu2XfInD9QV6CdXHlxyyZ881VGn&#13;
n5y5ezIieCWCHGgaUv4k70goVcWtZm/551vWOzU88o4Q5h1CPjRtKZdSL5fZVddt9pZ/59h2CeQd&#13;
Icw7xN/13VBGLqVe7lNwuNbsLX909yfujI330cZvYC7nHUI+NKcjl7JUXeZwQ7HZW/465ZeeD4m8&#13;
AxHkQ9OWJQ3F5B2JI3fe8T7PDry216nhkXeEM++QD01byqXUy2Xey28xG8t7HHt2gLwjnHnHPX2f&#13;
sZJLqZf7TF+022wsnxrn0LMD5B2hzTvkQ3M6cilL1WWW7E82G8u3N40m7yDv8FwE+dC0pVxK3pE4&#13;
FjyfZzaWeUvLyTvIOzxHPjRtueB5/m7hNLel93n958cH2sg7yDs8Rz40bXlbeg31cp9HRi83G8u5&#13;
qwrJO8g7PEc+NKcjl7JUXWZs1gtmY5l+aCl5B3mH5yLIh6Yt5VLyjgTx5ZdfvnPDWrOxPHX8tFMj&#13;
JO8IZ94hH5q2HH/9WnmVkrl6Gbn4P6aXmo1lUVMPeQd5h+fIh6Yt5VKuIu7/neSfb/vIbCxLTji0&#13;
oRh5R2jzDvnQnI5cyt9JXL6MDJl7g9lYnmgpJe8g7/BcBPnQtKVcGoDLiD/yjoqCZrOr/HCIc2/H&#13;
Ie8IZ94h5EbTnPIqJXOTrdVdZlf57c/LXRvh4PMOcyIDH5f70Vd/thiOLYancjnvEHKjOR15lQXr&#13;
MrsOVJld5U/um+HU8Mg7Qpt3CLnRnJG8yoJ1kwN1hWZX+cCiIV6N5IOc8V8fI1c9osGM2/QH8w+j&#13;
HqPWjtRP6p+X/Emd7bJ+8pHUoeYfIkLCRPgaudE0p7xK3pGQRmX2UbOlXPG6c7qTd4Q275AbTXPK&#13;
q5TMTcblNZst5YNZ9eQd5B2OIDea05FXWbAuMzl5h9lSPvduBnkHeYcjyI3mjORVFqybpBTONlvK&#13;
97b8yauRmMNw8ECEhInwNXKj+enyKnlHIpg7YqfZUhasOunfvMOcyMCHv3vL2E3T8bxDbjSno9Hy&#13;
W9xNblxRbbaUSQfbyTvIOxwh6eBpczoaLQvWZcymV8eijAPkHeQdjiA3mjPSgFmwbvJqxkizpVx3&#13;
xLM9j7+6l6Gzt8O146s7HRAh8XmH3Gia89W1I8k74s653vNWh9x0spO8g7zDEeRGa0ZyLL/IXaP7&#13;
3JdWh3y0tZe8g7zDEeRGa0ZyLMvWTXp6z1lNclmVW6/UIe8Ic94hN1qTkmNZtq7Re77X+gK/ut2z&#13;
r3K/avUdVOmDnPEJzjtCLsLXyI2WP+VY8o44X7t3N5rN5NSh2S639+QdYcs7hDxpzqh0d+NFcIz1&#13;
lWfMZvI78ypcvByTd4Q17xDypDmj9SfPsGzdZNveCrOZvP7hJNdGSN4R5rxDyJPmpORYlq1r5Ffv&#13;
NpvJ4al3ezgYWn1EiESeNC0qx5J3xJdN00vMZjLt7f3Otu7kHfHOO9zUTZ40ByDH8rvcNcbs7LN5&#13;
x283nvIqyxjMQd4R17wjhrrFEHnSHMCYnU0sWzeZ+FmO2Uy+8udM8g7yDqeQJ81JybEsW9eYs/dT&#13;
s5lM5IaUUbeHcLnVj8dOFohwuZ8rx5J3xJcFL+w2m8n9GYnea5q8g7xjYORJcwALX8zjd7lr/O/0&#13;
GrOZnHc40S+0Ju8g77jEhe5wny08bk+vZdm6yaNjlpvN5LL1Bz3JMgZzkHfENe+IoW6xRZ40xyDH&#13;
smxdY2zWi2YzueFY4vY8Hkyrf8kGezB7al79SbzNOwbz0VcvwiV/xqu846tX7X59yLHkHfFl6t19&#13;
HhaoP5boXQbJO8g7BkaeNAcwbdhmfpe7xrXJfR4W2N/YQ95B3uFU3iFPmgP45+QKlq2b/Ocjs81m&#13;
8lBpA3kHeYdTeYc8aY5BjmXZOhebpg4zm8my5mMeDsbxvMNZERKZdyTeFfKkOSQ5lrwjjpzvvWBv&#13;
BtmT6M0gyTvIOwZGnrTGIN/y69wdes7bm5V2JXwzSPIO8o6B6YrYUle+ZfG6Ru/Z81ZD292T0M0g&#13;
yTvIOy6JPGkNQ75l8brD2YjNSnvO93g4HvIO8o5of3PusUZ11s9blrqed5w6ftpsI6fcle3mOMk7&#13;
EpN3ODtfOdOclHzLb3R3KGrq8835Pzm5WelF9itNVN7hrFH/qe+WpfIti9c1jpQ3mW3kTx9K9Gal&#13;
5B3kHYNBzjSHUXKCbdQd4kRLqdlGPrJkqLfjIe8g74iKnGmOSr4l74gXh7PrzDZywfOO7oxA3hHy&#13;
vEPONCcl3/Ib3R2Wl3aabeRtru6MQN4R8rxDzjQnJd+yeF1jbc5Rs418ZLSLOyMMPu+Ay8UX+5X+&#13;
pVEZ3WeXmXU5R6mdO+SWb+67M8IL5B3kHQ7mHXKmOSr5lrwjbheFucfNNjLzg4NujpO8I+R5h5xp&#13;
Tkq+5Te6O0zIbzXbyOe3OfpNF3lHyPMOOdOclHzL4nWNTxbtNtvINz9x8Z5T8g7yDjnTNKp8S+3c&#13;
YfH+eWYbOX3Xh+Qd5B0O5h1ypjkq+Za8I16sGrfPbCP3LKsg7yDvcBA505yUfMtvdHd4dEOfN31O&#13;
L2p3c5zkHSHPO+RMc1KPbqhn8brGy33f9Jmc7uKlnryDvEPONI360qR11M4d3t/2ltlGrj7s8W1i&#13;
jr+KFRG8yjvkTNOo8i15R7z47HfbzTayLM/RL2bJO0Ked8iZ5qTkW36ju8N/LK0y28iNlWfIO8g7&#13;
HETONCcl37J4XWPoswvNNjK3oIK8g7zDQeRM06hDn1tI7dzhhdWPm21kYc0e8g7yDgfzDjnTNKp8&#13;
S94RLyb+IstsI9vru8g7yDscRM40JyXf8hvdHb45q8xsIys7zrk5zsHnHXC5+CLvkDNNo8q3FM41&#13;
fjj0Y7ONrGlwcWtq8g7yDjnTNOq/3PUxtXOHYfNvNtvIhk6Pb+Wj1UeEqMiZplHlW/KOuNDZ3GP2&#13;
kO/+zN378Qafd8Dl4ou8Q8ifpl3lXmrnAvVn+vSQfz3D3f2lyTtCnncI+dO0q9xL7dyhseULs4f8&#13;
7pApbo6TvIO8Q8ifpl3lXsrnAi1dzWYP+at5N3o+JFp9ROgP+dO0q9xL3hF7Tu5rMRvIWcPdjRLI&#13;
O8g75E/TrnIvtXOBnJous4H8tyXuRgnkHeQd8qdpV7mX2rlDXlG12UDePmJ+APION1/7GvOzxWqa&#13;
Pso75E9zXnIvS9gFiuv3mQ3kM2nDyTvIO5zNO+RP065yL3lH7ClMrzQbyOWvF5B3kHc4i/xp2lXu&#13;
pXYu8Nmh02YD+UCWu3tAkneQd8ifpl3lXmrnDovXFZkN5LPvOPoribyDvEPIn+a85F6WsAtkHk03&#13;
G8gJm18n7yDvcDbvkD9Nu8q95B2xZ9fiE2YDmTX5EHkHeYezyJ+mXeVeaucCk/e1mQ3kyzmNzg6V&#13;
vIO8Q/407Sr3Ujt3+Gx5vtlAvj1jC3kHeYezyJ/mvORelrALrDy42GwgZ+72/rG4K3sVa0w+1+/v&#13;
o42TDu7kHfKnOTC5l7wj9mz77JjZQG5JOkreQd7hLPKnaVe5l9o58Xe+PS1mA/nmbncfPiTvIO+Q&#13;
P027yr3Uzh2mpOw0G8iP5u0g7yDvcBb505yX3MsSdoEF+z43G8j5BUmJTzciD5fzjniMxB0RBpl3&#13;
JGYkkcif5ufKveQdsWfDtMNmA7lzgbub1ZN3kHfIn6Zd5V5q5wKjtjeZDeQHha3kHeQdziJ/mnaV&#13;
e6mdO7w7a6vZQM5aupe8g7zDWeRPc15yL0vYBWbvmWY2kMuKEv2qYPIO8o7BI3+anyv3knfEnoyJ&#13;
RWYDmb/yJHkHeYezyJ+mXeVeaucCIzY3mA3krIPt5B3kHe62KAfbTbvKvdTOHcZM3mA2kAszDpB3&#13;
kHc4i/xpzkvuZQm7wNTtE80Gcu2RVZ4PiedZLvI8Sz/In+bA5F7yjtiz4k+FZgNZvL6GvIO8w1nk&#13;
T9Ouci+1c4GH1vfZAHLR0Q7yDvIOZ5E/TbvKvdTOHZ6fkGE2kGnZJeQd5B3OIn+a85J7WcIuMHHL&#13;
G2YDublsPXkHeYezeYf8aQ5M7iXviMPf/F7ZYzaQR3Pc/ZsfeQd5h/xp2lXupXYu8Ks1tWYDufpE&#13;
J3kHeYezyJ+mXeVeaucOv3t9pdlAbtxZSt5B3uEs8qc5L7mXJewCb2x41Wwgd530vmsg7yDv6A/5&#13;
0xyY3EveEd9GV0d5vrtPMpN3kHfIn6ZdNWxq50Sju6LabCC3VJ8h7yDvcBb507Sr3Evt3MHsdXXs&#13;
3O/oOiXvIO8Q8qc5L42cJewCo9aONBvI/bUFDuYdjsD7aD3PO+RP065yL3lH7El6NNdsIGtL3H0z&#13;
H3kHeYf8adpV7qV2LvCT1Cqzgcxv6CbvIO9wFvnTtKvcS+3c4Y6nU8wGsuioo/eckneQdwj505yX&#13;
3MsSdoFn0x8zG8hjTd4/Fkerjwj9IX+adpV7yTtizyf3bjEbyKaT7t6ITt5B3iF/mnaVe6mdC3w3&#13;
5aTZQB5t7SXvIO9wFvnTtKvcS+0cctFjn5sNZFmVo28LJu8g7xDypzkvuZcl7AKPL7vPbCCr272/&#13;
yNPqI0J/yJ+mXeVe8o7Y8+GQjWYD2dHo7hez5B3kHfKnaVe5l9q5wLc/LzcbyNovzpF3kHc4i/xp&#13;
2lXupXbu8JP7ZpgN5KlmR7+DIe8g7xDypzkvuZcl7AIPLBpiNpDNZ7x/VJ9WHxH6Q/407Sr3knfE&#13;
nvduzDQbyN4z7jYqg887zBkNfPj6gh7Dafol75A/zXnJvfxed4H/ObPMbCA7zl4g7yDvcBb507Sr&#13;
3Evt3OH7d041G8jOM47eLEbeQd4h5E9zXnIvS9gF7kq+yWwgu856v6cYrT4i9If8adpV7iXviHvP&#13;
/OWXX5J3kHc4y4ULF4JUwcBgdo86XL6MDD7vsCY1wHFlKl3N2WI4thieyi95hy4jV1ZBSGSO8NXh&#13;
7MWEvIO846uLyZXJDvHuq83DhcsIrT4iDHAZScxLakKdd0Tc33GevIO8w1m4v8NNrPs7OgNxfwd5&#13;
R1DzDu7vcBnr/o4vus4GIO+Ay4L7O+Aqibi/o8vBvIP30V7kfbT/B+7vSATW/h2dTT3kHeQd7jYq&#13;
7N/hJNb+HXWB2L+DvCOoeQf7d7iMtX9HQ/MX5B3kHc7C/h1uYu3f0eLk/h3kHeQdX8H+HYnAej9L&#13;
c+UXzg6VvIO8g/ezuIn1fpZjbWedHSp5B3kH72dxGev9LCeqW8k7yDuchfezuEnE+1m8366LvIO8&#13;
oz94P0siSHo012wga4+0k3eQdzhLbUmbOS+5l9/rLvCT1CqzgSxocPc2MfIO8o78hm5zXnIvS9gd&#13;
7ng6xWwgi4+dIu8g73CWoqP1pl3lXsrnAs+mP2Y2kMebjpB3kHc4m3ccayoxByb3knfEHrPR1VFR&#13;
0EzeQd7hLOX5Tea8NGx+r7vATSuqzQZya3WXs0Ml7yDv2FJ9xpyX3MsSdrPX1bFrv6NpFHkHeYfY&#13;
ub/StKtGTvlcYNTakWYDeaCuMMEDuPWzf7cOx/MOa7QBE2GQeUc8RBgM+2sLzIHJveQdsWfRK3vM&#13;
BvJo7ilnh0reQd5xNKfenJfcy+91F/jVmlqzgVxT7u5jceQd5B2rT3Sa85J7WcLu8LvXV5oN5KZd&#13;
ju4mS95B3iE27iw17Sr3Uj4XeGPDq2YDubvS+3uBub/jIvd39MOukznmwORe8o7Ys+JPhWYDWby+&#13;
hryDvMNZ5E9zXnIvv9dd4KH19WYDuehoB3kHeYezyJ/mvORelrA7PD8hw2wg07JL/J53xPZltBed&#13;
fINsbAfmo7xD/jSnJveyhF1g4pY3zAZyc9l6B/MOR+B9tJ7nHfKnaVe5l7wj9mRMLDIbyPyV3uzc&#13;
NvjWnbwj3nmHy7rJn+Yw5F5+r7vAiM0NZgM5q9ibbYAG37qTd8Q774ihbjFn1sF2cxhyL0vYHcZM&#13;
3mA2kAszDpB3kHc4i/xpTk3uZQm7wNTtE80Gcm3JKvIO8g5n8461R1aZdpV7yTtiz4Zph80GcucC&#13;
b+4dJe8g7xgM8qc5DLmX3+suMGp7k9lAflDozSsVyDvIOwb1N5vCVnMYci9L2B3enbXVbCBnLd3r&#13;
YZYxmIO8I655Rwx1iwfypzkSuZcl7AKz90wzG8hlRQvIO8g7nM07lhUtNO0q95J3xJ5tnx0zG8gt&#13;
SUfJO8g7nNVN/jSHIffye90F3t7TYjaQb+72Zttj8g7yjsEgf5rDkHtZwu4wJWWn2UB+NG8HeQd5&#13;
h7N5h/xpjkTuZQm7wIJ9n5sN5PyCJPIO8g5n8w7507Sr3EveEXt2LT5hNpBZkw+Rd5B3OKub/GkO&#13;
Q+7l97oLTN7XZjaQL+c0kneQdzibd8if5jDkXpawO3y2PN9sIN+esYW8g7zD2bxD/jRHIveyhF1g&#13;
5cHFZgM5c/cU8g7yDmfzDvnTtKvcS94RewrTK80GcvnrBe639+Qdcc07XJ6y/GnOS+7l97oTLcqh&#13;
02YD+UCWuxtAknckJu9w2a7ypzkvuZcl7A6L1xWZDeSz73jwK4m8g7xjkMif5kjkXpawC2QeTTcb&#13;
yAmbX3cw77jkq0ku+WqVmJzE/fezXL0IF91+P4v8aQ5M7iXviD0n97WYDeSs4TkByDvgcvFL3iF/&#13;
mnY9ua+Z2rlATk2X2UD+2xJ3cyjyDvIO+dOcl9zLEnaHvKJqs4G8fcR8N8dJ3pGYvMNxu8qf5tTk&#13;
XpawCxTX7zMbyGfShpN3kHc4m3fIn+bA5F7yjtjT2dxjNpDv/mwdeQd5h7PIn6Zd5V5q5wL1Z86Z&#13;
DeRfzygNQN4Bl4tf8g7507Sr3Evt3KGx5QuzgfzukClujpO8g7xDyJ/m1ORelrALtHQ1mw3kr+bd&#13;
SN5B3uFs3iF/mgOTe8k74sLEX2SZPWR7vaNfdpF3hDzvkDNNo066eT2Fo2IJRgAAIABJREFUc4dv&#13;
zioze8jKDkd7SPKOkOcdcqZp1G8lsQeQc/zLXR+bPWRNg4sPHJF3kHfImea8fjj0YxavOwybf7PZ&#13;
QzZ0evyYLXkHeUdU5ExzVPKtfxed63nHZ7/bbraRZXmNbo6TvCPkeYecaRpVvqVw7vAfS6vMNnJj&#13;
5RnyDvIOB5EzTaPKtxTONYY+t9BsI3MLKsg7yDscRM405zX02YUsXnd4YfXjZhtZWLOHvIO8w8G8&#13;
Q840RyXfknfEi1Xj9plt5J5lFW6Ok7wj5HmHnGkaNe2t/RTOHR7dcMpsI6cXtZN3kHc4iJxpGvWx&#13;
jaconGu8NGmd2UYmp7v4MDN5B3mHnGnO6+U/Z7J43eH9bW+ZbeTqw8vJO8g7HMw75ExzVPIteUe8&#13;
yJ173GwjMz84SN5B3uEgcqZpVPmWwrnDhPxWs418fpujt4mRd4Q875AzTaNO2NtC4Vzjk0W7zTby&#13;
zU+yyTvIOxxEzjTnJd+yeN1h8f55Zhs5fdeHruUdjsD7aL3NO+RM06jyLXlHvDicXWe2kQuezyPv&#13;
IO9wEDnTNOrh7FoK5w7LSzvNNvK2dEerQ94R8rxDzjSNKt9SONdYl3PUbCMfGb3cwUGSd5B3yJnm&#13;
vNbmHGXxukNu+WazjRyb9UIiP/3Wz/7dOhxv9a3RIkKsRLgkcqZpVPmWvCNenDp+2mwjp9yV7eY4&#13;
yTtCnnfImaZRG0o7KJw7FDX1mG3kP82rIO8g73AQOdM0anFzL4VzjZITjWYb+dOHksg7yDscRM40&#13;
53WkvInF6w4nWkrNNvKRJUO9HQ+3NiBCVORM06jyLXlHvDjfe8FsI3Wc6zlP3kHe4RTypOVS+ZbC&#13;
uUPP+S/NNlJH17kvyTvIO5xCnrRcKt9SONfoPXve6pC7e5x739Pg8w64XHyRd8iTlkvlW2rnDmfP&#13;
91r7NfSc7yHvIO9wKu+QJy2XyrfkHXFk6t19vjmvP+biXoPkHWHOO+RJ06LThm2maq5xbXKfb873&#13;
N/Y4OEjyjjDnHfKkadF/Tq6gam7yn4/MNjvJQ6UN5B3kHU4hT5oWlWMpnGs8mjrM7CTLmo+Rd5B3&#13;
OJV3yJOmReVYX684H+QdC17YbTaT+zNcfEUfeUeY8w550rTowhfzqJpr/O/0GrOZnHf4NHkHeYdb&#13;
F7rDp02L3p7OHkCuNipj+uyMsGy9c9uok3eEPO+QJ02LyrEUzjXGZr1oNpMbjmV4m3c8kjpU3b5r&#13;
h0aVyLwDEUzkyb67zLxI3hFfNk0v6fOmz7ddfNMneUeY8w550rSoHEvVXGPMzmazmfytk2/6JO8I&#13;
c94hT5oWHbOT5+0dZeJnOWYz+Yp7b/ok7wh53iFPmhaVYymca8zZ+6nZTH6QM97bvMPlAxE8yTu+&#13;
uq/k60OOJe+IL2W7G81mcupQF7csJe8Ic94hT5oWLd3dSNVcY33lGbOZ/I6TW5aSd4Q57/hO381K&#13;
1588Q9XcZNveCrOZvP5h57YsJe8Ied4hT5oWlWMpnGvkV+82m8nhqXc7MrDBd9eX1Ydf1k96tT1n&#13;
AqbmIxHkSdOicix5R3w512tvBtl00rm39A0+77DmMsBxWZ+byLMleGCO5x1yo72lbi8bgzlHd8Rm&#13;
kEdbndt4afB5hzWXAY7L/eirP1sMxxbDUzmed8iN1oy6z7FZqaP09NqbQZZVtZB3kHc4gtxo+VOO&#13;
pXCu0RuxZWl1+0nyDvIOR0SQGy1/9p739wvjrvHFKOeN2Gn2kwWrTro2QvKO0OYdcqM5HY2WX+Ru&#13;
cuOKarOfTDro3BYe5B2hzTuSDrab09FoWbB+aXp1LMo44NO8g/fRBu99tHKjOSMNmAXrJq+uHWn2&#13;
k+uOpJF3kHc4IoLcaJrz1YyRfl9u/sg7ts4+araUK14vJO8g73AEudGcjrzKb3E3GZfXYraUD2bV&#13;
k3eQdziC3GhOZ1xeMwvWZSYn7zBbyufezXBqeOQdYc475EZzRvIqC9ZNUgpnmy3le1v+RN5B3uGI&#13;
CHKjaU55lbwjEVQUNJst5YdDNpJ3kHc4gtxoTkde5be4m2yt6TJbym9/Xk7eQd7hCHKjOZ2t1V0s&#13;
WJfZdaDKbCl/ct8M8g7yDkeQG80ZyassWDc5UFdotpQPLBpC3kHe4YgIcqNpTnmVvCMRfPnll+/c&#13;
sNbsKk8dd+tedPKOcOYd8qE5l/HXr5VX+S3u6mXk4v+YXmp2lUVNPeQd5B2eIx+ac5FLuYq4/3eS&#13;
f77tI7OrLDnh0DbV5B2hzTvkQ3M6cil/J3H5MjJk7g1mV3mipRRZwHPkQ9OWcmkALiPX+GWgC57P&#13;
MxvLvKVufTdL3hHOvEM+NOcil3KhdJnb0mvNxvLjA23kHeQdniMfmnO5Lb2Gpeo+j4xebjaWc1c5&#13;
9PUXeUdo8w750JyOXMpSdZmxWS+YjWX6oaVoAp4jH5q2lEsDMCnf5B25846bjWXqa3vJO8g7PEc+&#13;
NOcil3KhdJn38vts4XHP2jryDvIOz5EPzbnIpSxV95m+aLfZWD41Ls2dsZF3hDbvkA/N6cilLFWX&#13;
WbI/2Wws3940Gk3Ac+RD05ZyKXlH4qgubjUbyz/fsp68g7zDc+RDcy5Vxa1cKF1mV3232Vj+XdIJ&#13;
8g7yDs+RD8257KrrZqm6T8HhWrOx/NHdn5B3kHd4jnxoTkcuZam6TElDsdlY/jrll2gCniMfmrY8&#13;
3FBM3pFQ3rsp0+wty/IcelyWvCOEeYccaE5E/uQq6T7fmFlm9pYbK8+Qd5B3eIgcaE5E/mSR+oXv&#13;
3znV7C1zCyrIO8g7PEQONOcif7JI3Wdo8s/N3rKwZg+agIfIgaYh5c9gzMtPeUfqH/LN9jL9HYfe&#13;
eE/eEcK8Qw7s84zVH/K5ULrPsL7PDjy+6RR5B3mHh8iB5kSGOfaMFQzAk2/2eXZg1AdZ5B3kHR4i&#13;
B5pzkT9ZpO7z1qbXzPbyw5x30AQ8RA40DSl/knckmoMba832csLPMi+cc2XDWPKOsOUd8p4caE5E&#13;
/uRC6T6pxzrM9vKvZ5SdveDKZYS8I2x5x9kLF+VAcyLyJ4vUL6zZcsRsL787ZMq5cxfIO8g7PEHe&#13;
kwPNucifLFL32Xpio9le/ir5xnMXziELeHMZuXBODjQNKX+Sd3jApF9kmR3mgXXV5B3kHZ4g75mz&#13;
mHRz1kXwCd/su11CyhFXXm5N3hG2vEPeM2fxTcc2lIFL8i9DPzY7zJUbD5F3kHd4grxnTkTOZHn6&#13;
hWEpN5sd5qbjPBwN3iDvmVaUMwMzNZ/lHRkTi8wmc9FLrjznRt4RtrxD3jNnIWdyofQLI7c0mE3m&#13;
HWtcuTGHvCNseYe8Z85CzmR5+ouxUzaaTeZjf1xJ3kHe4QnynjkROZPl6Rem7ZhkNpl/2vAymoAn&#13;
yHumFeVM8g5vqChstrrl9lNd/so74HJxMO+Q6ywfnixsplJ+YVtNl9UtV3c6cfvo4PMOuFwczDuq&#13;
Os5ZPpQzqZS/2H2gymqYaxu8fyKJvCNseYdcZ01EzmR5+oWiukKzydTR+MUpZIEEI9dZPiyqLyTv&#13;
8IxP7tti9pk7F8R9N/vB36pA3hHvvCNWt59cJXKd+YnyJGXyF99LOWn2mR8Uxv1FwoO/VYG8I955&#13;
Rwzvi7kaPihsMz9RnqRMvrTWbz83+8xZS/eSd5B3JBi5zpyFPMnC9BePL7/f7DOXFS9EE0gwy4sX&#13;
miaUJ4M0O//lHVtnHzNbzaThcc8XyDvIOyzkOvMTtyYdpUz+4q28FrPV/PGSuOcL5B3kHRZynfmJ&#13;
4/K4R8yXTJ6/02w1h4ycn5gsYzDHJfMOuFzMvCOGOdFVIteZHzo5eQeV8hcphZ+ZreYzaY+iCSQY&#13;
uc404fzC2eQdXtJU0Wn1t7Ul7eQd5B0JyzvkN+sT5UnK5C+OtPRa/W3+qW7yDvKOhOUd+Q091ice&#13;
ae2lTH6ktLLZanGLjtWTd5B3JCzvkN+sD5UnqZS/qGqrsB4lONZUgiyQMOQ3y4HyJHmH5w3wLrPb&#13;
3DD1MHkHeUfC8g75zfy4uSN2UiN/NsA1Zrf5am4jeQd5R8Lyjle3N5kfd+OKamrk4x74lVSz23xn&#13;
5lbyDvKOhOUd8pv5ife9vIQy+ZFRa582u82kvGloAglDfjPt92rGyIBN0Jd5R/7KCrPh/HCI99tQ&#13;
k3ckJu9wYTzym2k/uZEa+ZGZxe1mw/ntz8u9vxyTdyQk73BhPPKbaT+5kRr5lwVr9psN50/um0He&#13;
Qd6RsLxDfjM/UW6kTH4ko2Sl2XA+sGgImkDCkN9M+8mN5B3e091x1vpKPy/V416FvCMkeYecZnlP&#13;
bqRGfqSt54L1lf60A23kHeQdCUBOs7wnN1Ij/3K6s8fqcues9HJbe/KOxOQdLoxHTrO8JzdSJj/S&#13;
2dthPVCQdigVWSAByGmW9+RG8g43avPWPrPnnHp3NnkHeUcCkNNM48mHFMi/PLax3uw5r51XQd5B&#13;
3pEA5DTTePIhBfI7L09aZ/acNzycRN5B3pEA5DTTePIhNfIv72972+w5H00dhiaQAOQ003jyYfDm&#13;
6Ne8o+6ovWdkwSovX+ZH3hGGvEMes1wnH1Ig/7Kv0d4zMumglwUl7whD3iGPWa6TDymQ3zlU2mB9&#13;
zb4o4wB5B3lHXJHHLNfJh9TIv5Q2H7W+Zl97ZBWyQFyRxyzXyYfkHQ6x/I8FZuf56W+2kneQd8QV&#13;
ecy0nBxIdfzObzLrzM7zBwu9jE3JO8KQd8hjpuV+k8XNHQHhmfFrzM7z5sfnkneQd8QVecy0nBxI&#13;
gfzOu5tfNzvP3694AE0grshjpuXkwEBO08d5R3Vxq/Vl+4F1nm1xT94R+LxD7rL8JgdSHb+zq77b&#13;
+rI95YhnTy2SdwQ+75C7LL/JgVQnGBQcrrW+bF+58RB5B3lHnJC7LL/JgRTI7xxuKLa+bN9Umoks&#13;
ECfkLstvJQ3F5B3OsWTUXrP/TBruWdZgDkP9OUcMj4m/yHIh75C7zCrLe1wog8HQjD63ePx4iWdZ&#13;
gzkM9eccMTz+dlaZC3mH3GVWWd5jAQaJJ95YZfafQ0bOJ+8g74gTcpdptifeSKM6wWDcxlFm//lM&#13;
2qNoAnFC7jLNJu8Fdab+zjsqCpqtr9wPZXsTb1vD4IjT4ZXT5CtrJOX5TVwog8GW6i7rK/dlxzs9&#13;
zzs44nd45TT5yhrJ5qozLMAgsXN/pfWV+9ptHjwIbQ5A/TlHDI8f3DXNhbxDvrKctmMfdwUGhAN1&#13;
BdZX7jnl2cgCMUe+spy2vzafvMNRUp7bbXahc57cQd5B3hFz5CtzGHIdF8ogcWtajdmF/udyb56M&#13;
I4kIdt4hX5nDkOtYesHj4deWmV3oPS8u9jbv4Ijf4aHN5CtzJHIdSy9IjMl83uxCX854Ek0g5shX&#13;
ps3kugBP1vd5x/Edp6yW+GiuB9u/kUQEOO+Qo6xhHN/BFuiBYl3FF1ZLvKbcg1s8SCICnHfIUdYw&#13;
5DqWXvDYnHfC6oo37Sol7yDviCFylDUSuY6lFyT2VO20vnjfXZmLLBBD5CjLY3IdeYfTzH1qp9mL&#13;
zn3SuYLFu2Pn/PE12JN9DfZUkK8IoeVnK/p89/5fK6pdG2G8O3bOH1f+q6/BfuaewSBW3PtSn+/e&#13;
f53wWzxIIoKdd/y6780d9760hEUXPF7JGGH2oq9kPIUmEFODPdXXYCOCPd8g5B0lW+qsr9/zlpaT&#13;
d3D+mCAvWe6S37hQBo+VZfbX7x8faCPv4PwxQV6y3CW/seiCSmbuMasxnruq0J3hxbtj5/xxRV6y&#13;
3JWZe5xFFzy2V2yxvn5PO7QUWSAmyEuWu+Q38g4f8Pnj282O9L2bMjtbesg7OP9VIhfJS+bw5DQu&#13;
lEHlp8uqzI70GzPLTp05T97B+a8SuUheMocnp7Hcgs3Q5xaaHen375za1OrK40vkEf7NO5paz8hL&#13;
5gjlNJZbUHlx9RNmRzp0/s9bu1qQBa4SuUheMq0lpwV+1gHJO8ojXtSy+t0i8g7Of5WsfueA/VqW&#13;
gmaulUEl8kUtv892aKMW8gif5h1PbDpl+UpOY7kFm8gXtbz24XryDs5/lfzhgyzLV3Iayy2oRL6o&#13;
ZfL2CcgCV8lHue9avpLTyDt8Q8bEIqs1LctrJO/g/FeM/GM5Sh7jQhlsRm5psFrTDZWuvDGUPMKP&#13;
eYf8YzlKHmOhhYGxUzZarWlOfgV5B+e/YuQfy1HyGAst2EzbMclqTQuq85AFrpiCmjzLUfJYGCYe&#13;
nLyj6/TZSTdnmd3p7Mdc2c2YPMKPeYf8Yw5M7pLHuFYGm5buC99K6vPowXWprjx6QB7hx7xD/jEH&#13;
JnfJYyy0MNDW0f3DoR+b3emdT6eQd3D+K+bOpxeYY5O75DEWWrDp6Dl9T8otZnf6XPpvkQWuGPnH&#13;
tJPcJY+Rd/iM/JUnrS/kd6SUujAw8gjf5R07UsosL+WvrOBCGQZmFrdbX8i/X9BK3sH5rwA5x/KS&#13;
3MUSCw8L1uy3vpCfmbqHvIO840p+MaXusbwkd7HEwkBGyUrrC/llRQuQBa4AOcfyktwVkrlfE7D5&#13;
JI/s8+rQ8devba/z/klp8gh/5R3yjJxjjmreSN5BGyJ+vrLPq0P/anrpyY5z5B3kHZeFPCPnmKOS&#13;
r1hcYeM3r6SaPeq1t35Uc8rjL9PII3yXd8gzco45MPmKxRUeRq192uxRb59zw6nOemSBy0KekXNM&#13;
I8lX4Zl+0PKO6uJW62v5FW94/x448gh/5R3yjOWiquLWixAadtV3W1/LP7ze+79bkEf4K++QZywX&#13;
7arj5vPQUXC41vpa/oUJGeQd5B2XxQsT1loukq9YXOGhpKHY+lp+4pY3kQUuC3nGctHhhmLyDh+T&#13;
NfmQ1awezq4j7yDvGCRyi+UfOYoLZdh4KafRalaXl3aSd5B3DBK5xfKPHMWyCidvfbrZalbX5Rwj&#13;
7yDvGCRyi+UfOYplFTZm7p5sNau55dgABovcYvlHjgqVAgHMO852n/9oyEZrp8nWWi9fskAe4Ze8&#13;
Qz6xdr2Vl+QorpVh48y5L/9hTrm102S5pxvWkkf4Je+QT6xdb+UlOYplFU66es5dd/9Ma6fJqjrP&#13;
dnIhj/BR3iGfWLveXnf/DDmKZRU2es51P7j4DmunyfoObvOBSyOfWLveyktyFHmH79mfUWV9RZ/y&#13;
3G7yDvKOSyKfWM6Rl7hWhpN5Jaetr+hvTfPy7xbkEX7JO+QTyznyEgsqzCxbf9D6iv7h15aRd5B3&#13;
XBL5xHKOvMSCCicbjmVYX9GPyXoeWeCSyCeWc+SlsIlwTVAntmxsgdW4Zn96BNPDAMghlmfkImQJ&#13;
M/dn2lswjN3ZjCwwAHKI5Rm5CFng6fFrrMZ10ue55B3kHQMgh1iekYtYSmHm3c1/tBrXOXs/RRYY&#13;
ADnE8oxcFEIdApt3dHecnXp3tr2Rx+Y6rA9RkTcst8g/chHKhJm2ngvXJldY7esKrzfyAGdZEbFt&#13;
h/wjF6EMnO7sueHhJKc28gCXidy2Q/6Ri1AmzHT2djyaOoyNPGCQRG7bIf/IRSGU4poAz+3Enkar&#13;
g/3zL9e78HpacA25Qt6w3CL/oAxsqjpjdbB/P/uEC6+nBdeQK+QNyy3yD8rAV2wvPGl1sP867BPP&#13;
X08LDiJXyBuWW+QflIHCmj1WB3vvglt5PS1EIlfIG5Zb5J9wqnFNsKe3Pfm41cQueH43awAs5ArL&#13;
J9vnlyILfMXE/Barib0tvQZZwEKusHwyqYD3WEMfPl2cZzWxj4xehixgIVdYPpmxZA+ywFcsOZBs&#13;
NbFjs15AFrCQKyyfpBbND60a1wR+hkvH5Fut7OaZbOQB/438YDlk6eh8ZAGTe9fVWa3s67vYyAP+&#13;
G/nBcog8gywQyYi3Vlut7PtztiMLfI38YDlkxFvpyAIm47PHWK3svPyZyAJfIz9YDpFnwixI8POO&#13;
rtNnpw61N/Io2cqtX/AX5AR7246h2V2n2bYD+tDSfeE7ERt5rCpjIw/4C3KC5Y3vzKuQZ1AGImnr&#13;
6L4+YiOPrO3HUQaEnGB5Q26RZ1AGTDp6Tg9PvdtqaHdUbEUZEHKC5Q25RZ4JsybXhGGSZXn2Rh4T&#13;
f5FVd6SdJRFy5AE5wfKG3IIyEMmGSnsjj7+dVVbYwO5xYUcekBMsb8gtKAP9kZNfYfW0P7hr2sHj&#13;
p1Am5MgDcoLlDbkFZSCSgpo8q6cdNv/m401HUSbkyANyguWNguq8kMtyTUjmmTuv1GprpwzNbq3l&#13;
r6ThRdWfEnHjj3yCMtAf7+W3Rn6NX87dQCFG1ZcHLFfIJygDAzN9kb2Rx/UPJVXV8TVMeFH15QHL&#13;
FfIJykB/RG7kMTz17vqOWpQJLap+5I0/8gnKXBOeqaa+Zm/kkTQ8t6eT9yyEEdVd1bf8IIegDAzM&#13;
PWvtjTx+vKSqvZcnF8KI6q7qW36QQ1AGBsNT49Kt5nbIyJSOL7hlLIyo7qq+5YenxqWhDAzM25tG&#13;
W83tM2mPftHLw7ZhRHVX9S0/yCEoczFUeceZtt4ZD26zWtz5z/K6ljCiultOkDfkEJSBgWnqOv+j&#13;
RZVWi3vLKl7XEkZUd8sJ8oYcgjIwGFrau279/TyrxX1w1FKUCSGqu+UEeUMOQRkYmPbuthErH7Ja&#13;
3NGZz6FMCFHdLSfIG3IIylwMVd4hmiu/mHznJqvRXTamAB+EClXc8oBcIW+gDAyGY21n/3FuudXo&#13;
3pfJt/rhQhW3PCBXyBsoA4PnRHXrvz8w02p0R769GmVChSpueUCukDdQBgZDdXvlQ4t/ZTW672SP&#13;
RZlQoYpbHpAr5A2U+YprQnddONg24cZMq91d814RVggJqrVVffmh5iDxJ1wGefXdfzPD3qLyqc0N&#13;
KBMSVGur+vKDXIEycLnsK6n73h1TrXZ39OQNKBMSVGur+vKDXIEyMHiONB66K/lGq92dsv09lAkJ&#13;
qrVVfflBrkCZr7kmhHMu3dVgdbw6Nn1SghsCj6ocWfrSXbyQBS6brJP261p0jN7RhDLB7092NEWW&#13;
Xn5AGbgytu4ttzpeHe/N3oYygUdVjiy9/IAycLnkV++yOl4dn++ZjjKBR1WOLL38gDIm14Rz2sUb&#13;
aiL73h0pZRgiwKi+kUUvXs/OC3CFLD7WEdn3/rmAm5CDjOobWfRFRztQBq6G9M0lkX3vjNQ9KBNg&#13;
VN/IoqdlH0YZuDK2lG2I7HuXFqWgTIBRfSOLvrl0PcpYXBPame9dXkHkER6ihh17lvEtClwVnxa3&#13;
E3mEh6hhx/QinoaDGDB/9X4ij/AQNexITt+HMnA1rClZQeQRHqKGHasPL0eZSK4J8+Rz5hzjwZYw&#13;
EPUxFlUfZeDqeWdPCw+2hIGoj7Go+igDsWLagl082BIGoj7GouqjDFw9C/fN4cGWMBD1MRZVH2Wi&#13;
ck3I579+yqHITpjtS4NE5AalOlR3lIFY8UpuY2QnzPalQSJyg1IdqjvKQGwZP2NLZCfM9qVBInKD&#13;
Uh2qO8pArJiVNzWyE2b70iARuUGpDtUdZfrjGiRIH78/sh/mJbXBIPLVszpUcZSB2PK7Taci+2Fe&#13;
UhsM7susjyyuKo4yEA9efT8zsh/mJbXBIPLVszpUcZSB2PJhzvjIfpiX1AaDyFfP6lDFUWYAyDv+&#13;
QtS7POY/u7u74yzi+BTVThXkzg5IGFHv8rhlVU177wXE8SltPRduSavhzg5IMFHv8nhw1NLTnT2I&#13;
41NUO1WQOzsgYUS9y2N05nOdvWyw7VdUO1WQOzuuAPKO/0vUvTyShue21vKWQf+hqs0ansOeHZBg&#13;
ou7l8eMlVeWnSU79h6r2b4sr2bMDPCHqXh5DRqZU1bcjju9Q1W4fMZ89OyDBRN3L45m0R+s7ahHH&#13;
d6hqT68azp4dVwZ5x3+zZ1l5ZIc8ZWh23RH+euEnVC9VLbKUe5dXIA7Em+lFbZEd8nfmVRQ28MWs&#13;
nyhs7FHVIkv5aTG/DiBBJKfvi+yQr38o6eBxnqXyE6qXqhZZyvmrebQW4s7qw8sjO+ThqXeXNh9F&#13;
HB+heqlqkaVcU7ICcQYDeUcfitfXRPbJE3+RVbK1HnF8gSqlekUWsXhDDeJAYlh0tCOyT/7bWWWr&#13;
yjoRxxeoUqpXZBEXH+M2YEgoadmHI/vkH9w1LWv7ccTxBaqU6hVZxPTNvAoQEsTm0vWRffKw+Tfv&#13;
qNiKOL5AlVK9Iou4pYytrAcLeYdN6a7GCTdmRjbMm2ceQRzXr+kzj0QWTtUs3cWbMiCxf8c9eeZv&#13;
ZkRpmF/f1Yw4jqMaRRZO1VRNEQcSz9a95d+7Y2pkw/z+nO2I4ziqUWThVE3VFHEgkeRX77or+cbI&#13;
hnle/kzEcRzVKLJwqqZqijiDh7wjCjUH2ybfuSmyc17w/O72ui70cRDVRdWJLJnqWH2wDX0g8eTV&#13;
d//j3PLIzvm29JqTHefQx0FUF1UnsmSqo6qJPuAV+0rq/v2BmZGd8yOjl9WcOo0+Lv418tRpVSey&#13;
ZKqjqok+kHiONB56aPGvIjvnsVkvnOrkHnYXUV1UnciSqY6qJvqQd8SA5sovZjy4LbJ//vMv1x/e&#13;
zO8qt1BFVJfIYqmCqiP6gFccazv7o0VRNrz8+9knVpTybItbqCKqS2SxVEHVEX3AW05Ut976+3mR&#13;
/fO/DvtkXQ77cLuFKqK6RBZLFVQd0Qe8orq9csTKhyL753sX3Jpbvhl9nEIVUV0ii6UKqo7oQ94R&#13;
M8609aa+lh/ZRevI/pRnW1xBtYhaI9VOFUQf8JamrvP3rK2L7KJ1jN3Jsy2uoFpErZFqpwqiD7hA&#13;
S3vXU+PSIrtoHZM+z0UfR1AtotboqXHpqiD6gLe0d7e9vWl0ZBetY87eT9HHEVSLqDVS7VRB9CHv&#13;
iD2580qjttMpz+3mVbXeIv1VhajVUdXQB9zhvfzWqO30rWm1vKrWW6S/qhC1Oqoa+oBrTF+UF7Wd&#13;
fvi1ZVV1vDzIS6S/qhC1Oqoa+oA7LDmQHLWdHpP1PK+q9RbprypErY6qhj7kHXGkLK9xarT3m066&#13;
OetwNs+2eIOUl/6RRVGlVC/0AdfYUHkm6vtNv5VUtpxnWzxCyktbQGhpAAAgAElEQVT/KO8PTq5Q&#13;
vdAH3CQnv+L6h6O83/SHQz/m2RavkPLSP8r7gx9OUr3QB1yjoDov6vtN70m5hWdbvELKS/+o7w8u&#13;
qCEzJe+IP12nzy4dHf3ZlhVvFLKJaSKR2tI8ai2Wjsnv4ttycJWW7gv3rov+bMvD6+vZxDSRSG1p&#13;
HrUWqpEqhUTgMm0d3SPeSo96K8ELE9ayiWkikdovTMiIWosRb61WpZAI3KSj5/T47DFRbyWYuOVN&#13;
NjFNJFJbmkethWqkSiEReUfi2D4/+rMt469fuyOlDH0SwI6UUqkdtQrbk4+jD7jPpILoz7b81fTS&#13;
9wt4gCIRSGepHbUKE/Nb0Af8wowle6K22dfe+tHM1D3okwCks9SOWoVPF/N9LPiA1KL5Udvs2+fc&#13;
sKxoAfokAOkstXmGhbzDIU7saZx6d3bUfnv2Y7k8SRE/pK0Ujqq8KqK6IBH4hU1VZ65Nrojab1+X&#13;
WsWTFPFD2krhqMqrIqoLEoG/2F548oZoz7bouPPpBTxJET+k7Z1Pp0RVXhVRXZAI/EJhzZ5HU4dF&#13;
7befS/8tT1LEj4LqPCkcVXlVRHVBIvIOz+juOLtsbEHUxlvH6ncOdLb0oFIMkZ6r3y3qT3DVQhVB&#13;
JfAXbT0X7s+M/jyFjic2nTp1hteCxBLp+fvshv4EVy1UEVQCP3K6s+fp8WuiNt46/vBBVlMrQV4s&#13;
aWr94rUP1/cnuGqhiqAS+Oxv2r0d727+Y9TGW8dHue+2dnHzYyyRnpO3T+hPcNVCFUEl8g7v2Z9R&#13;
9dGQjVE78PduysxbWo5EMUFKSs+oOkt/VQGJwL/MKzn9D3PKo3bg35hZ9vEB3joWG6Sk9Iyqs/RX&#13;
FZAI/M6y9Qevu39G1A78+3dOnbuqEIligpSUnlF1vu7+maoCEoF/2XAs48HF/3979xZc1XXneXze&#13;
5iE1UzU9D6nqqqnqTj/0pGY6DzMZ17gvwY5zKZO07SgXMp0Q3M4kgsROAmHiJJDYTiLbiWnZJrax&#13;
wDYXS2AQWAZhhDGIiwBhkATIXCRzEUgIWYAMwmAQYDO/9ur8s7JvZ58DQkf7fD+1S3V0ztprr72O&#13;
ysX+eV2+EPkEfuf8W+v2LKaLrgv1pPozsp/V//oW6CLyjiJy6cKVhso9ceMOXvjOlo5NLPZTOPWe&#13;
+jCue9Xz6n96CaPd+csf/GjjibhxB/+wtGfFYXZvKZx6T30Y173qefU/vYRseO/i5QefXhc37uDL&#13;
P1z4+lZ2ai+cek99GNe96nn1P72E0e7i5Quzmivjxh1Mqf9u89FN9FLB1Hvqw7juVc+r/+kl8o5i&#13;
1N3+ztyJsY/lz39n85617GWdH/WY+i2uS+dN3NLTzrKOyJStxy/cuiz2sfzva3uWvEXqkR/1mPot&#13;
rkvV21v7+FcFMqhlb++4KS/FPZaX/XDhyg0d9FJe1GNl8UmHelt9Ti8hS/b2t09dOSnusXxy/Xc2&#13;
Hl5LL+VFPaZ+i+tS9fa+/nZ6ibyj2O1Y1vXobQ1xj+hV4zfuerWHXspJvaS+iutG9fCOZawBhsya&#13;
1X7mz6oOxj2i/89FRxfsZz5nbuol9VVcN6qH1c/0ErLtxRU7/+bOmXGP6GMnzl+2Zg+9lJN6SX0V&#13;
143qYfUzvYSsqt+3rGzBZ+Ie0b9X963XD6yil3JSL6mv4rpRPax+ppfIO0aN9wYv1T8Su6ymjqfH&#13;
rW95mcf1aOoZ9U9C76lv1cN0FLJt4ML7Extjl9XU8d+qj1S9yeN6NPWM+ieh99S36mE6CqXg9NkL&#13;
P3t8Tdyzuo7b7nmhpn4XHRVJPaP+Seg99a16mI5Ctp29OPjk5kfjntV1/N+lX1+5/2U6KpJ6Rv2T&#13;
0HvqW/UwHUXeMfocbjn13D1NCc/tT9y1dttLrGb6R+qNuC1+3aH+VK/SUSgdjT3v3bykO+G5/WNz&#13;
u55kNVOPekN9ktBj6k/1Kh2FUrNl59E7761OeG7/u29UPb+M1Uz/SL0Rt8WvO9Sf6lU6CqVj1/GW&#13;
Hy7/dsJz+7de+lLdnpfoKKPeiNvi1x3qT/UqHUXeMbrtazz+wne3JDzDzxi75rUn9vbuK93/T6t7&#13;
Vw/MiNnj5t/WfP3uFvUkf04oTcsOvvup+LU2dfz5c4d/3HRyR3/p7n2oe1cPqB8Sekl9qJ7kzwml&#13;
bNWmt77yo0UJz/Cf/Oozv561fndn6S6yrntXD6gfEnrpKz9auGpTJ39OKE1NXY1T6ssTnuG/XjO2&#13;
atuTnSf3lWwX6d7VA+qHhF5SH6on+XMi78iOtzb3L7i3OeF53i3tseXFg2feLpX/8ag71f0mLNLh&#13;
DvXbW5vf5k8IeLXr3OfqjiU8z7ulPR5rfaf7bKnsDqA7faz1dMIiHe5Qv6n3+BMCnHXbDn3jJ0sS&#13;
nufd0h7PLt7e218qSwXpTnW/CYt0uEP9pt7jTwh4o3vLT1fdl/A875b2qG2vPnGuVP4ZrzvV/SYs&#13;
0uEO9Zt6jz8h8o5sOrzj5KKp25Mf73XU/OiNXa/2XLmUzbnlui/dne4xZz+or7qYvQIEHlS6z99Z&#13;
fzz58V7HF5b3Ltg/mNH/ilwduvLBgv1nv7CiN2c/qK+YvQJE2tx29Nu/qEt+vNcx4efLlq3Zc/ly&#13;
Nv9rcunSFd2d7jFnP3z7Fy8zewUI2Nm744E1U5Mf73VMf23y6wdWXbqSzdX3dF+6O91jzn5QXzF7&#13;
hbyjJPS0v1P785acT/sVn1r1yq93HWw+kZkb173ojnRfOe9d/cNGs0CCrX0XxjX05Xza/8gzB+95&#13;
/e01R89n5sZfO3pOd6T7ynnv41YdZ6NZIKeWvb3f+9WKnE/7fz328amPNWxq6crMjW/c0aU70n3l&#13;
vHf1DxvNAgn29bf/Zt20nE/7/zhvzIyNv27p2Zad/372bNMd6b5y3rv6Zy8bzZJ3lJrjHWfqHmzL&#13;
+eSv47efWf3ST7ZvW3z47bdG38q9arNarvbrLtLcrPpEPcOfB5BG24mLE9bkTj10/OeqQ19+9fjM&#13;
Xad3nxx9a3yozWp52crjuos0N6s+Uc/w5wGkt+dA/+RHX8355K/jE3f9/rsP1L3wcuu+Q6Pv/8eo&#13;
zWq52q+7SHOz6hP1DH8eQBoHTnX8bsNDOZ/8dXx5wWcfev3+V/YsPjRwYNTdptqslqv9uos0N6s+&#13;
Uc/w50HeUbounL20Y1nXC+Vb0mQBbnHTpdNaW14+cvJI8a66p7aphWpn8hKk/jF34lb1g3qDPwkg&#13;
X6cvvj+r/cyYxAVNA4ub/p+Gvqo3z3S8M1S0N6W2Vb05qHYmL0HqH7csO6Z+UG/wJwEUZvDdiy+u&#13;
2PnVyYvSZAFucdN7f1NfU7/rYPdA0d6U2qYWqp3JS5D6x9emvKR+UG/wJwHk692hs/X7lv24fmKa&#13;
LMAtbvpw4/RX99f1nDlStDeltqmFamfyEqT+MXXlJPWDeoM/CfIO/CEj6Hp3fVXH77/amDIg+Nft&#13;
bO9cW/fQzp313X2dZy5fvDKCjdfV1Qa1RO1Rq9Lfgu53/exO3Tt/AMC12//O0APbTv3XBUdSBgQ6&#13;
/nJu191r3p67d3DniYvvXf5gBBuvq6sNaona85eJG8oGDt3vg9sG9g8M8QcAXC8Hjp6qnLf5lruf&#13;
SxkQ6Pjbb1RN+e2qJavf3HOg/8LFkVwyWVdXG9QStedvEzeUDRy638r5W3Tv/AEA1677dNf81tn3&#13;
1H4tZUCgY/xLdz228VevddYfPNV58cpIBo66utqglqg9alX6W9D9Lmido3vnD4C8A7GOtJ6qf2T3&#13;
o7c1pE8N3PH4HWtfvG/bqsfefGNJ18FtJ870DdcSfapZ9esqupauqOvm29RHP92ge+xq5Z8UwLDY&#13;
cOy9iY39/ynd7A//+Iu5XZ9/pfe+DSee2n1mzdHzR4dtnxfVrPp1FV1LV/yLfAIOd+judI+6U75u&#13;
YPg07+r+2eNr/vudM9OnBu64+Z+qvnl/7S9/v3beK22bWrqO9Q/XhFzVrPp1FV1LV9R1822q7k73&#13;
qDvl6waGw+6+1ic3P/qlBbelTw3c8c1Fd/6s4QdPbZ2xfG9t67E3+t8drn2yVbPq11V0LV1R1823&#13;
qbo73ePu46183eQdyMOba3pf+n87Hr5lVb5pgh2/+dSrz47fWDutpaFyT2NVx5YXD+5YdqR99bGO&#13;
jX2Hd5zs3Xf65JF3z564MHT+8vvvv6+feq139L4+VRmVVHmdpXNVg+pRbaqz4PboXnRHui++XODG&#13;
eKnz7JdWHv+Psw7mmyZ4K54e+B+Ljn69oW/yxhO/bD71WOs7z755pqbj7PJD7zb2nN/Rf6HjnaHe&#13;
c5fPXtJ/Rd7XT73WO3pfn6qMSqq8ztK5qkH1qDbVWXB7dC+6I90XXy5wI61o3P+dX9Z9/ItP5Jsm&#13;
+Cue3l4+//u/XvHQM43/Mnfzs4u3V9fvqlu7b82WA1t2Ht3d0Xewe+DtU+++e35I/zHRT73WO3pf&#13;
n6qMSqq8ztK5qkH1qLY0q43GHboX3ZHuiy8XuDHWH1rz4Os/uXPerfmmCX9c8XTumO/Vja9YN21W&#13;
8+PzW6qW7K5euf/ldQdXbz2ycWdvS+fJfT1njpw6f/K9S+f1nxH91Gu9o/f1qcqopMrrLJ2rGlSP&#13;
alOdBbdH96I70n3x5ZJ34Jp0t7+zae5bL9637Vd/u7LgrGGkDrX5xfua1f5u9lsBRs7W4xce3jHw&#13;
+VeO/funCs8aRupQm9VytV93wVcJjKyWvb1P1TR/8/7av/r8vxScNYzUoTar5Wo/+60AI2hvf/ui&#13;
nfN+1vCDsS/8XcFZw0gdarNarvaz3wp5B66/Dz74oKvl1PrZHXMnbinymEMtVDvVWrWZLw4opv+M&#13;
XF3f894D207dsqynyGMOtVDtVGv5rwhQnP8m2bqru3Le5q+lXt90pA61UO1Ua/k3CVBs/xnZdbx1&#13;
QevsqSsnFnnMoRbOb52t1vKfEfIO3CCXh64caD7x+lP7qn+47ckvrRvxgENtUEvUHrVKbeMLAorf&#13;
hcsfrD5y/qdbTt7+Su9fzesa8YBDbVBL1B616sJl/j0BjBoXhy5v2N71yJyN3/pp7d9/c/aIBxxq&#13;
g1qi9qhVahtfEFD8hq4M7ehpfm770z9f/cMJi8tGPOBQG9QStUetUtv4gsg7MMKuDL3ff+Ds3rW9&#13;
m154q+7BnXP+uenR21YPU7TxyKcbVP/LD7TpWnvXHn/7rUFdna8AGPVPLFc+aD81VHvg3YrtAxPW&#13;
vP2/F3f/Wf4rnqZdbfTZg6r/W6/1Vex4R1fcffKirs5XAGTkueXSlf2HT67c2PH7mubJv1115/er&#13;
/yb/FU/TrjZ6x8w7763+0aOv6lqvbuzYd+iErs5XAIx2l64MHX7n4KbD6xbunPu7DQ/9YPk9ZQs+&#13;
M0zRxpfm36b6f7fhQV1LVzw0cOASAQd5B0aFd09dPNJ2qvWVo1sXHtowp/O1J/fWP7J76fTWmilv&#13;
zJ24pepbm37/lcYZY9c8POZfl0TVT73WO3pfn6qMSqq8ztK5qkH1HGkbUJ10LFA6+s5f3njsvTl7&#13;
BivbTj/0xsDUppPl6/r/aXXfP67ovWVpzydf6v7rBUf+/LnD/+HDJVH1U6/1jt7Xpyqjkiqvs3Su&#13;
alA9qk110rFAqTkxcG7b7p6Fr+6eU7vj8QVbfvPs+p9WvnZfRf0/T1v2tcmLvjBpwS0TnvvkV59x&#13;
S6Lqp17rHb2vT1VGJVVeZ+lc1aB6VJvqpGOB0jFw/lR7X9uqjleWvbnwxbbnZr/x5BNNjzzS+Itf&#13;
vPbjqSsnfv+VCfcs+erXa8beMe+Wz865ST/1Wu/ofX2qMiqp8jpL56oG1aPaBt5jv0jyDgAAAAAA&#13;
gFGLvAMAAAAAAGQNeQcAAAAAAMga8g4AAAAAAJA15B0AAAAAACBryDsAAAAAAEDWkHcAAAAAAICs&#13;
Ie8AAAAAAABZQ94BAAAAAACyhrwDAAAAAABkDXkHAAAAAADIGvIOAAAAAACQNeQdAAAAAAAga8g7&#13;
AAAAAABA1pB3AAAAAACArCHvAAAAAAAAWUPeAQAAAAAAsoa8AwAAAAAAZA15BwAAAAAAyBryDgAA&#13;
AAAAkDXkHQAAAAAAIGvIOwAAAAAAQNaQdwAAAAAAgKwh7wAAAAAAAFlD3gEAAAAAALKGvAMAAAAA&#13;
AGQNeQcAAAAAAMga8g4AAAAAAJA15B0AAAAAACBryDsAAAAAAEDWkHcAAAAAAICsIe8AAAAAAABZ&#13;
Q94BAAAAAACyhrwDAAAAAABkDXkHAAAAAADIGvIOAAAAAACQNeQdAAAAAAAga8g7AAAAAABA1pB3&#13;
AAAAAACArCHvAAAAAAAAWUPeAQAAAAAAsoa8AwAAAAAAZA15BwAAAAAAyBryDgAAAAAAkDXkHQAA&#13;
AAAAIGvIOwAAAAAAQNaQdwAAAAAAgKwh7wAAAAAAAFlD3gEAAAAAALKGvAMAAAAAAGQNeQcAAAAA&#13;
AMga8g4AAAAAAJA15B0AAAAAACBryDsAAAAAAEDWkHcAAAAAAICsIe8AAAAAAABZQ94BAAAAAACy&#13;
hrwDAAAAAABkDXkHAAAAAADIGvIOAAAAAMAN1dTV+Nk5N+nQC3oDw4S8AwAAAABwQzV0LHd5h17Q&#13;
Gxgm5B03wtaaQzNuX/PA/1oxt3xLQrGjOwdWP76navxGlXSHXq+f3VnYRVXb0umtM8vWuaoqxqxS&#13;
bap/oOcc3wgw6izqPPuJmqP/7sm3PvLMwZyFO08PTWrsV3kV1ik6Pjrn0M1LulVJXhe1elwlOvS6&#13;
bOXxtd3n+UaA0WJXR9+MuU133Vv9Xz79O3fo9bOLtyefUv7g8pvGzXLl9UK/rli/v4CrH+sfDF99&#13;
6mMNugRfDVCYpq7GisZpExaXubDgjnljptSXj8bIgLwD5B2j3tGdA3PLt/j5RVzJFQ/vtmKBQ2fl&#13;
FVKo8NLprXG1VYxZVXCGAuDG6zw9NP61PkscdCSXf3r3GYs5Ascnao6mv+6kxv64enSUrTzOVwMU&#13;
vweeWmdBQ+C4697qY/2D4VOeXbw97pQZc5vyurrKf/yLT8TVNvWxBr4gIC+9gz1T6stdRhA+Khqn&#13;
kXc4zJQBeceNsPrxPRVjVgWSi9h/kXxYYGbZOp3VtqJbx8Ipb9iJS6e3pg87/DEdOnFrzSHVpp96&#13;
be3h2wFGhad3n/nonEOBrCG5vCvzkWcO3r/5pA3EWNR5dlJj//jX0v4P1c/VHbPL6bWqUs06VIO1&#13;
R7/yBQFFziULt979/Iy5TSvW79dR/uDyhMShpn6X++jjX3zCTlExiy1UIOWl/Qvp9bOLt7vaHnhq&#13;
nY0cKWzMCFCyLCCYUl8+v6VKv9a2V0+qG2+Rh34l77jKyBGQd9wANqyjavzGthXdOfOOyGEXqx/f&#13;
Y5FHyiEelpLMLFsXPsWGfvAFAcVvUmO/zUa5f/NJm1cSV77z9JAbkaGf+U5d8elaFppE1uOGfpB3&#13;
AMXv4198Ijx1ZcbcJksiAkM8XBKhszZsP+y/v2L9fpvbkua6NkgkXJW1QR+RdwD5PsZPWFwWfoa3&#13;
QR/6lLyDvAPkHTdC1fiNM25fYxFGzrwjjlv4Q0fbiu6chS1Y0VkJ+cj+DUyaBUaB8a/1feSZg/rZ&#13;
eXpIv+bMO2zay7UkERaa6EgITdZ2n3etAjAaRY6wsJAict6KjdeIzC98x/oHbTxIQuFdHX2RE2oA&#13;
5Ku9r82GeIyiZpN34AYg7xguR3cO+L8WnHfY8qVp8g4bVJLvCh0DPecCS6XOLFu3dHpr4C78Jqn8&#13;
1Q+XHXFzZGbcviYQo6jBao/NoFGFKhyZwrir2zQcVbVwyhuEMkDn6SE/U8iZd7iZJh+b13UtF7VB&#13;
JZ+rO5bvufdvPnnzkm5/kVRVEhm+uGhGhfW6YvuAa7mbgxNIVVSDzaBxFcatluqubiNT9Fo181cE&#13;
RLIFRP28wxKNyBjCpro88NS65Mpt/IgqzLdhzy7e/o2fLLG4JGGpVLc0iQq7ttnIlMB4lsi1V+NW&#13;
S3VXt5Epep1+/g4wsgrLO9r72ioap42rGWvDQ/Rr72BPuKTenNVc6c+dcYVVQ0LoMKW+/I55Y2wO&#13;
TiB9iEsl5rdUufcrN1UEWjt99WRrrV7o10ADEtY3UfuTe8Pdoy0E6+qPWwFEjfR7Q6/1Tlzyok64&#13;
+uGqInaKW2zFtVafRva5uN5TM/Lth3/7R92Hl3M3rs50tal8SS1rQt5xgxScd1gKkOb535btyOsS&#13;
qjmwzkjy4qYu71jx8G5/hZFAIhP4yI5wLOIvOBK4NH82gC8571jbfd59mn6RjuSr5DUjpvP00Mfm&#13;
daVf3NTlHbqWzZ0JNz7wkR3hWOTqny444h/XMq8HyLBb734+PP7Cvamfkafs6uhzp7iIIU2YknMk&#13;
iO9Y/6C1Ks3ipi7vcHvN+CX9OCZu7dXIaT7+giP+kdddACNCT8u2V0v6s/TQa2GEf+ghPGVJd8XI&#13;
53w9gUeW9yOMyLzDwo4Ji8v8FMDeT25AwXmHrmVJR6D+lCVd6hFILuweA32okvpUTXK/RvZhbXt1&#13;
+NOU/eDnHerzwNdRUsNeyDuKOu8Y6DmX/uHfJrMk73obcHTngIUdC6e8YYub+oFFIKFweYc7ywUi&#13;
OsUfDGK7w9ibuhEVc6fMLPuT/y9kG9O4ASOuSXpzxu1r+LMB0ucdFdsHrssyopYp5HWWhR0uwnCL&#13;
m5atPG5jPSY19ofzDvtUv6q8ytiIDLsdVWiZhd50F9KJ/igPW6X1c3XH3IgY/VQzPjrnEHkHEJks&#13;
2GO//77t2xJ3Ys4CfrFA5ekjGBdhhJdKDcyycXmHfapfVV5lbESGDUhRhZZZ6E13IZ3oj/KwBUrK&#13;
H1zuhrfop5px07hZ5B0ofvZgHI4qEriHYT0n29Ovnsn1YByopL2vzR7U9amu5dZJ9R+hA+MF9IBt&#13;
Qw/0SO/KWxJhIxHCeYe9Ewg77AbVZruW3nS5g5oXGN1QwHwWa7PFIqpTb+oWAiXtoirpGulKRu6S&#13;
Yy1xfegGucxvqXJXsaAq8ouzHrauyLcf7Cu2QERXTx6VQ96BG5p3rJ/daUlEzsK2uOmKh3env4TN&#13;
YQmP47CrB5ptp1SMWRWen2KxS7gZ9pF/LTe4I80NAuQdCXmHLd6hJ/zIeSVx00B8OreAnWvt0uEp&#13;
MKrQllD15+b4O+yGAxpbQyTcDPvIv1bZyuPuNvkjAdKwUQ+B+SbXJe/YsP1wylgkHF5EToFRhS7U&#13;
0E9/oo2/1W54woutIRJuhn3kX2vqYw3pV2MFio09GEcOE4hkT9o5T7EpGOGSNtbAjVawmm3eRGCw&#13;
gytvD+qBVMJGQATCDqvQv0rgo8CMjwLyDhcZBOpJiEXCNdtHfppgLQlPz3EsBgpPabGIpOB+sO8u&#13;
YcoMeQdGLO8Y6DlnIy8i19EIsIES6fMOVZvcMJtp4jcgeUkRNzAkbkCKW37VH4ESfgfAteQd4f1r&#13;
7QhPAwmwgRJ55R22+kbkCqYujAhc3VobOfvGZrJEjs5wU1f8ESjhdwDE8RcTDSxjcV3yDhsokVfe&#13;
YatvRC4d4sIIHf4kFMs7ItcTsUwncnSGm7rij0AJvwOMFvZEHR6JkMCWOE2e5WHFws/YfkzgP+Qn&#13;
z9GIzAL0Ii7s8FOVyFUnXNYTmHVSQN7hlsPIOUAmoVhkl1pL4jrQ7i7wRdhQDttjuIB+sLyjlNdt&#13;
Je8o3rzDFh9NmV8UkHfYCI6tNYeS6/QLuLwj7l5cfhH3afhcmzgTt5opgLzyDj32l608boMm1naf&#13;
9z9KHuVRQN5h64aEF+kI1OkXsCZFnmKLcSTfaTgfuXlJd5phLEAps/U4wzHBSOUdtjJIeJGOQJ1+&#13;
Acs7Ik+xxTii/1UWOtfyEfVP3GqmQBHqHeyxdSvzfaZ1J8YtwBF4xran7gAb1GAFEgYsxCU1Otc1&#13;
Jhx2XPVGryQ34BrzDruKKoxruSUakSM1rv5h1dica5QEWNCTnF8U0A8u74iLWsg7MJJ5h01OST/w&#13;
oYC8w06J2/wlcnJKct4RuUxp+LDyAz3nbM/dijGr2JkFuMa8I2E/lPA6Gteed9gpCeukhutMzjvs&#13;
TpMP/05tZxaXerAzCxDJdk6JXHN0pPIOOyVh55dwncl5h62Zmnz4E2EsCXL9w84sGBUsXAgP04hb&#13;
2NKfTmILc4yrGasH5vCyDgnTNwLP8/aQb2tG5Gx8YG2LuKv426AkHP65BeQdfnKk9kTuzOJPTkk4&#13;
/HwhTUssyPD7Pzw/pYB+IO8g7yjSvMOGXcwsW5d+yMPWmkPpF/sI5B1xBYYp7wicq3sM7OeiAqQe&#13;
wHXMO2wUhtsCNk7n6SGbFJNv3pGwTupw5B3h6TOq05YscbdA6gH4bAjDrXc/Hzlt5LrkHbYYavq1&#13;
MCzviNx3dvjyjvD0GdVpk33cLZB6oJjZc3LkqhM5846rf7pDqlXlj26IHDWQJu9I84xt59oUmMhl&#13;
JtI85wdOLCDvcJFHYB8Tf1nQ9HlHvuM7bOqKhVb2Tji8yKsfyDvIO4ox7ygs7LjqLcaRfmeT9OM7&#13;
bPOUlHlHATvv6mZ1FX+sR5pVSwDyjjR5R2ToEMmW/0g5MST9+A4/akmZdxTQS/dvPunHJUQeQMqw&#13;
Q9yjflxOkXPWiXGLcYTXB8mZd+Qc3+EPS0mZdxTWV35cQuSB0Rh25KW9r62icZoNsvAnVqQf32HP&#13;
6u4ZO81iIn4WYJFH+OHcnvPT31FheYelHmqMP9YjvKFM3HyWglti03n8LzfQhwX0A3kHeUfR5R2W&#13;
L+QbdjgWFsTlF3F5R871O/wKk/MOt8ZqAXmHsbk8S6e38pcDpEwBLHeInLFiAzfCW6gE2NoZCflF&#13;
5HVzrt/hV5icd9jklIL7Shd1Yz0+Nq+LvxzAAoWEsMPPCCLLWGLiLxoaydbOSMgvIpuXc/0Ov8Lk&#13;
vMMmp1xLp7kASJ3GnxCKjcUQ1x52+M/5lqHYYhzh5TniWmLP8+kfywNZgM3NCaQJ9v6NyTuMRTC2&#13;
xWxTV+Mw5R26hE1psa1zAlvbFtAP5B3kHcWVd+zf0OfCgp/Uf/kAABKESURBVMh9XvPKL2aWJf0L&#13;
w8ZN6IrJU2Dc/iyBzVaS8w5bZvVaFh9NXvQUIO9ISDQiR3DYip7J63f48UTy4qa6nE0ncclC3BQY&#13;
25/F32wlOe9QI699dEbyoqdA6YjbzzXi3yp/SBAiEw1LQ3KO2rB4QldMKKzGWHuSh5bY/iz+ZivJ&#13;
eYetVHItozOSFz0FRkrkLrDXRXg9TnvCjwtW3P4s/modloDktT+LC1xstxc/XrHcIS5zSUgZ0p8S&#13;
yQ278Ps5cm3Ra887rJ91s/b9BpZTKaAfyDvIO4oo7/DDjoKXrvDX/lw45Y3IxMFlIjZew8qvn90Z&#13;
KBk3ziI577D5OOmXEQlzXXEtNQCllnf4BQJTWjpPD+U1S8WGV3xsXldk+YrtAx955qCN17BkITx4&#13;
ZFHnWavKfz8577DVRnRW5B63abi7SL8QCZD5sCNyZ1afzVi5adysQDJigzvKH0z1P0tteMWtdz8f&#13;
GXnU1O9Sk2y8hiUL4frVbKsqMp1JvpfkIS1p7iL9QiTAjQw7IrcyuUb21O1HFTazI5xfhEdA+JXo&#13;
xEAL3Qqp9uQfzgJsV1p/FomlMOlv2doQGCKRr/CioTYEJmFTmwLyjqvelBY3jiMcqRTQD3F5h6py&#13;
t3aN/UPeUdKO7hxoW9Fthw27sHf8UEOF3RO+WynDP9E/0lzXchMXnSyd3urO3VpzSK/tIxviYauc&#13;
unxBv6rw+tmdLtRwq4EEcpPkvMMKuM1lrNmqRK/VBlVob7rW6k3rDTXMRoikvGUgq/So//TuM3bo&#13;
4d/iDDv88v7QDLclrY5Jjf22imfKKSq6rl3LpRgV2wdcbarBopP7N5+0eMIu8Ymao3pfJXWK5SCB&#13;
wR058w6/gFqiqiz1cHekN/170dVdI639dnrKWwYySc/8tvrmjLlNK9bvjzz8U2wkhR7y7RQLI5LH&#13;
a/iO9Q/eevfztgSGaqip3+Vqe+CpdbbAhw0k8Zt6173Vel8ldYpdOjC4I2fe4RdQS1SVpR6qWbem&#13;
N/3ZMbq6a6S1305POSsHuAFsGUs9rOq1HqHDR3hXkUhuiQr99BensMEa/uO0XdQ9+bvr6mnf5q2E&#13;
cw2beeEuofI6y5ICf4OYcBbgBzr2po0Z0Zuqyi7nFv7Qm+EJJpabqEIVU4GEYREuZ9HDv7VN3WJ3&#13;
4TdPl7aFTlSnX97dY2BjmvR5h4VHcRvuFNAPcXmHtaoUhn6QdwwXe2hPsyerzUNJPlKO+1AxNw8l&#13;
8qgYsyowlMNGZIQP1RO+aM68Y6DnnEUeyTdiE2rCB4M7AJvWkXJP1qvevJXwEbe+Rlzk4e/wmrO2&#13;
RZ1n/b1RAhuphKel5Mw7rnoTYSIPf2JO3KWvZXgIkAH2xJ58+DmCnvPjdjZJM0IkEHn4O7yGj8Bq&#13;
HTYUJfLS4WkpOfMOP76JPGbMbfLzjsgy1zI8BLj+/zBIt0NHyrwjrobwyIW4rV7cg3c4YfFnpgQO&#13;
f0BBXBYQuRSrrXAReYTTAYsGIrdNCecdcTWHJ/KosI15ydn/6fMOG74ROZmlsH7ImXdMqS8n70CB&#13;
AhusRuYOVtgfZJFw5LVfyfrZnXPLt/jbnehXvRk5yUU1q8GWkqhw1fiN4RkufpSjn2ka4A82UZ0r&#13;
Ht4dCFAi28nIDiA5vIgbN3H1wxEQNy/ptgjgo3MOfa7uWMrNVsJV6Vx/rMcnao5OauyPrM2NqvD3&#13;
RtFrvROZOLgoR41M0wAbUeLqLFt5PBCgRLbThp8AJaumfleavCM8ZCOwQYkbClHYY78bHuKP9VDN&#13;
M+Y2RY4TcaMq/Evrddyl3QodH//iE2kaYCNKXJ1TH2sIBCiR7cy5MitwgyU/69qQijRVuV1I9CRs&#13;
oxV0op7t4x6z9b4+tRRDZ+nc5Dkd/hgQldfpgWd+SxkCiYkflwTW+1Alftag+tUnCWupWmGVjLs1&#13;
a60e/v1tWfRrXEhhved3u8r742WS7zGSjShJXoY2fT+4CsOhhgVYKWflkHcAAAAAAIBi5+KkElnH&#13;
lLwDAAAAAIDsc5NZ/BVhs428AwAAAACA7HPTcCLXQ80k8g4AAAAAADLOrSdSCsuUGvIOAAAAAACQ&#13;
NeQdAAAAAAAga8g7AAAAAABA1pB3AAAAAACArCHvAAAAAAAAWUPeAQAAAAAAsoa8AwAAAAAAZA15&#13;
BwAAAAAAyBryDgAAAAAAkDXkHQAAAAAAIGvIOwAAAAAAQNaQdwAAAAAAgKwh7wAAAAAAAFlD3gEA&#13;
AAAAALKGvAMAAAAASktTV+OkuvGfnXPTHfPGJBTrHeyZ31I1pb5cxVRYx4TFZZWbKvQ+fYjiR94B&#13;
AAAAAKWid7CnclOFCy/cEVeytr3aYo7AMa5mbFNXI52JIkfeAQAAAAAloaFj+biasYHwIq6wGwCi&#13;
8hWN03SijspNFf5AD/oTRY68AwAAAACyb1ZzpY3OmN9S5eKM5LwjPHWlqavRgpLa9mp6FcWMvAMA&#13;
AAAAss+NzrAII2feEWf66snuRFVFr6KYkXcAAAAAQPb1Dvb4gzUKzjts+Y/0eYdbNGTC4jIbYBK3&#13;
6GlDx/LpqyfbpJs75o2ZUl8+v6UqsqStt2rLr+qoaJyWcGlXoc6NbKe7us3ZUZ2zmivT3KC7uius&#13;
xlgl+qnX7X1tcSfqiimXg3UFVLk+tciJWUXkHQAAAACAiEf0AvKOisZp7sSUWYAe0SPXPR1XMzYQ&#13;
BNhjfPhQawMpgMs7XATg16+SOS8djkVkfktVZMk0t+k6s3JTRWAtWAtZIpd3jbvfyOVgbQ6RZTeF&#13;
fX3kHQAAAAAA8o4I9rydZouW3sEeSxz0eK/H9YaO5bOaK92beicco+hpXwXcCql6YWM9ptSXR+Yd&#13;
rio3amN+S5XFE+19be4j1WBLjajNKhlef8TaqbuzFEYFUg7xsM193U+3wqtOt2vpzUBeY/erF+6K&#13;
bvdfa0Zk3mGfqnId4dQG5B0AAAAAQN6Rd96hJ3NLJdKUt/EOgdRAz/Z6aLcIw8ILvRnIBVxJ96k/&#13;
D8VOiZtZYxlEeHqIbT1j79S2V7uqEuaepOlMNTUQA1nk4feANT7ccvsoMIsncgALkpF3AAAAAEDJ&#13;
KSzvsLMi19QIsxEWkZ9auGAzOyJX1rAwwh8PYrlA5PO/5TKRozNs6oplE+F3CuiWyGzFWuK3092v&#13;
W3wkzA1pCYxniRsnggTkHQAAAABQcgrIO2xH25RDDGzz2pzTLtwTfsLqm+HlOS3viIxILL+I/DR8&#13;
rqUSukTcaqY5OzOuW2x8SuB+48pH1saeOAUg7wAAAACAkpNv3mHhhZ7VUw4xsFgh5xIYOWOUcGuT&#13;
847IdUPDhx8fWJrjUo/5LVXpR1Ik5x3hxqdpW+CrIe8oAHkHAAAAAJScvPIO2+gkbquRSMmRRF4P&#13;
88OUdwTOrW2vtuVR3c2mzBeGI+9gfMe1I+8AAAAAgJKTPu8oLOy4Gr/0ZljK8R3+ghcp844CJqfo&#13;
FH+n2DR7oBSWd+S18ih5RwHIOwAAAACg5KTMO2yj1nzDjquJu5BEPsznXL/DDwiS8w6bnFJA3uG0&#13;
97XZuhs5J7Yk5x1uzIgf1rguJe8YbuQdAAAAAFBy0uQdcXvB5vuUnnN/Ftu0NXI7WNufJXJL18iG&#13;
pV8qNUHyoqfhzoxc2cRa4u+3YvebfokQ8o4CkHcAAAAAQMnJmXf4YUfK3WfD7ME+sGSpKp++erIN&#13;
cLBkQVcMRAD61cZH+GlIzsVB7KzCtpi96g0SiUxhIjtT7Q8UjtzB1+7X32E3GXlHAcg7AAAAACD7&#13;
egd7GjqW2+EP3LDDL28F9Ezul/GPnMMTbHSDq6e2vVpnzWqudGGEP+TBLqePVMDVX9E4zU39CCcm&#13;
OfMOK6Aa5rdUWQyhJulXXdqfTuJ+9fdk0ev0s04s1LBVTnV13ayfg8SdokvbLbjvSHetTgjcF3kH&#13;
eQcAAAAAIIK/32rO/UosLEg+cm40e9UbyxA49Ejvj7zwh5MkbxybMu/wM4vII3KCSeBIOTzE1u/w&#13;
Fzr1d7cNB0N6x09JwkfguuQd5B0AAAAAgDxyh8hn7Pa+toSkwI6U81xU2/TVk22rVz3/z2qujBwb&#13;
ogon1Y23S6ukToycTmIjR5LzCJ1b0TjNT1Jcnf5QDivmBxAqVrmpIuX6Gv56pbXt1Xa5nJW4kSZ2&#13;
v3qhSnRK+KZcmTQBE8g7AAAAAAC4DpL3Z8FIIe8AAAAAAKBw5B3FibwDAAAAAIDCkXcUJ/IOAAAA&#13;
AAAKR95RnMg7AAAAAAAoHHlHcSLvAAAAAACgcG47W3+DWxQD8g4AAAAAAJA15B0AAAAAACBryDsA&#13;
AAAAAEDWkHcAAAAAAICsIe8AAAAAAABZQ94BAAAAAACyhrwDAAAAAABkDXkHAAAAAADIGvIOAAAA&#13;
AACQNeQdAAAAAAAga8g7AAAAAABA1pB3AAAAAAAyqKmr8bNzbtKhF/RGCSLvAAAAAABkUEPHcpd3&#13;
6AW9UYLIOwAAAAAAGUTeUeLIOwAAAAAAGTR8eces5kpVe8e8MXRyMSPvAAAAAABk0PDlHZWbKlzN&#13;
dHIxI+8AAAAAAGQQeUeJI+8AAAAAAGQQeUeJI+8AAAAAAAyL9r62isZp42rGunRgwuIy/do72BNX&#13;
UgVcSR2T6sbPaq6MLOzMb6lSGVf4jnljpq+erEr8AnF5h05071duqgi0QZVYa/UiXKcuZC0MHOx6&#13;
W2zIOwAAAAAA15+e/yPTgSn15YGSFkCEj3E1Y8M5Qu9gj5+M2KHL1bZXW7HIvMOupRr8MCWuDapT&#13;
H1kx8o5RhLwDAAAAAHD9ucEXd8wbY3FDU1fj9NWTA3lHbXu1JQsVjdNUWIc/dmNczdjAKA/7SC9U&#13;
0pV3CYgKW7Fw3mHvBMIOa4MqtNhCb7o61bDAKA/ms4wK5B0AAAAAgOusd7DHJQL+4IjIYm7EhH6G&#13;
x0dMXz05PPHEMovwOBGV9/eIDeQdNt4kEHZYGybVjY9rnmr23yfvGBXIOwAAAAAA11l7X5tLBGY1&#13;
VyYUi1tKw7HQxB+1MaW+3L0ZGHNh17XXft4RF3b4bYickOIyFz9GuUreMUqQdwAAAAAArj+38Gdg&#13;
/YsAG8ERty6pTV2xAhZb5GyA5R217dWuMeGww29DZCWR0QZ5x6hA3gEAAAAAuP4aOpbb6p7jasZW&#13;
bqoIj8iwOCOuEksWbA2OuMkskQ2wlUESNqa1NiQf/rnkHaMCeQcAAAAAYFg0dTUG0oTpqyf7Iyzc&#13;
p+GFM0xc3hE5/yXA8o5ZzZUWfITHd6TJOwInkneMCuQdAAAAAIBh1N7XVtE4zQZZ+FNR0o/vsMU1&#13;
LDfJeV1//Q6LPMLZSs42JLSKL7eYkXcAAAAAAIZd72CPrZRR217t3gwvzxEQDiPiYouwwP4sttBp&#13;
YGyIvZ/+Xsg7RgXyDgAAAADAjWCbtljiYMMuItc0tf1Z/NU6LAHJa38WV9uExWWBwMVvg/9mMss7&#13;
4mIaFAPyDgAAAADAjdDU1RhINywBuWPemPB2sDbyIjKeCC9Z6j6yXwN5h2uAm1ajn5aMWBsid2+J&#13;
VEBEghuPvAMAAAAAcJ3Naq4cVzNWPy1WaOhY7oZXBNb+rGicZpGHXquYW27D7SAbzjV0rn00qW78&#13;
/JYqlddPN+5DlVjJcN4hKhleRsTGa+jN2vZqa55rid4MTIGx4MaVV7HpqydHjjfBCCLvAAAAAABc&#13;
ZzYCInyEp67Yuh7hY0p9eXjMhQ3TCO+i4lcemXf4l/MXPbXYJfLQ7QTaEN7VJXKzW4wg8g4AAAAA&#13;
wHXWO9gzq7lyUt14CybG1YxNGATR0LF8Sn25DdzQC/2akCCo/spNFbYeh8pXNE4LVG6jMAIzZfyF&#13;
PALrfaiF1gY3fkTVRk5accuv2uyY8OQajDjyDgAAAAAAkDXkHQAAAAAAIGvIOwAAAAAAQNaQdwAA&#13;
AAAAgKwh7wAAAAAAAFlD3gEAAAAAALKGvAMAAAAAAGQNeQcAAAAAAMga8g4AAAAAAJA15B0AAAAA&#13;
ACBryDsAAAAAAEDWkHcAAAAAAICsIe8AAAAAAABZQ94BAAAAAACyhrwDAAAAAABkDXkHAAAAAADI&#13;
GvIOAAAAAACQNeQdAAAAAAAga8g7AAAAAABA1pB3AAAAAACArCHvAAAAAAAAWUPeAQAAAAAAsoa8&#13;
AwAAAAAAZA15BwAAAAAAyBryDgAAAAAAkDXkHQAAAAAAIGvIOwAAAAAAQNaQdwAAAAAAgKwh7wAA&#13;
AAAAAFlD3gEAAAAAALKGvAMAAAAAAGQNeQcAAAAAAMga8g4AAAAAAJA15B0AAAAAACBryDsAAAAA&#13;
AEDWkHcAAAAAAICsIe8AAAAAAABZQ94BAAAAAACyhrwDAAAAAABkDXkHAAAAAADImv8P1VeMqwA9&#13;
wGcAAAAASUVORK5CYII=&#13;
</Source>
                </DataBinding>
            </Presentation>
        </ViewDef>
        <ViewDef id="bd0493c2-f99b-4408-8031-8299dfcee439">
            <Title>Core Distribution</Title>
            <Description/>
            <SubjectType adapterKind="VMWARE" resourceKind="HostSystem" type="descendant"/>
            <Usage>dashboard</Usage>
            <Usage>report</Usage>
            <Usage>details</Usage>
            <Usage>content</Usage>
            <Controls>
                <Control id="time-interval-selector_id_618" type="time-interval-selector" visible="false">
                    <Property name="advancedTimeMode" value="false"/>
                    <Property name="unit" value="DAYS"/>
                    <Property name="count" value="7"/>
                </Control>
                <Control id="attributes-selector_id_619" type="attributes-selector" visible="false">
                    <Property name="attributeInfos">
                        <List>
                            <Item>
<Value>
    <Property name="objectType" value="RESOURCE"/>
    <Property name="attributeKey" value="hardware|cpuInfo|num_CpuCores"/>
    <Property name="preferredUnitId" value="7001"/>
    <Property name="isStringAttribute" value="false"/>
    <Property name="adapterKind" value="VMWARE"/>
    <Property name="resourceKind" value="HostSystem"/>
    <Property name="rollUpType" value="NONE"/>
    <Property name="rollUpCount" value="0"/>
    <Property name="transformations">
        <List>
            <Item value="CURRENT"/>
        </List>
    </Property>
    <Property name="isProperty" value="false"/>
    <Property name="isShowRelativeTimestamp" value="false"/>
</Value>
                            </Item>
                        </List>
                    </Property>
                </Control>
                <Control id="buckets-control_id_620" type="buckets-control" visible="false">
                    <Property name="maxValue" value="0"/>
                    <Property name="minValue" value="0"/>
                    <Property name="dynamicCalcFunction" value="SIMPLEMAXMIN"/>
                    <Property name="bucketInfos">
                        <List>
                            <Item>
<Value>
    <Property name="startValue" value="0"/>
    <Property name="endValue" value="16"/>
    <Property name="bucketColor" value="6870C4"/>
</Value>
                            </Item>
                            <Item>
<Value>
    <Property name="startValue" value="17"/>
    <Property name="endValue" value="32"/>
    <Property name="bucketColor" value="0095D3"/>
</Value>
                            </Item>
                            <Item>
<Value>
    <Property name="startValue" value="33"/>
    <Property name="endValue" value="48"/>
    <Property name="bucketColor" value="00BFA9"/>
</Value>
                            </Item>
                            <Item>
<Value>
    <Property name="startValue" value="49"/>
    <Property name="endValue" value="64"/>
</Value>
                            </Item>
                            <Item>
<Value>
    <Property name="startValue" value="65"/>
    <Property name="endValue" value="80"/>
    <Property name="bucketColor" value="62A420"/>
</Value>
                            </Item>
                            <Item>
<Value>
    <Property name="startValue" value="80"/>
    <Property name="endValue" value="1000"/>
    <Property name="bucketColor" value="FAC400"/>
</Value>
                            </Item>
                        </List>
                    </Property>
                    <Property name="isDynamic" value="false"/>
                    <Property name="isSum" value="false"/>
                </Control>
                <Control id="metadata_id_621" type="metadata" visible="false">
                    <Property name="maxPointsCount" value="5000"/>
                    <Property name="hideObjectNameColumn" value="false"/>
                    <Property name="listTopResultSize" value="-1"/>
                </Control>
            </Controls>
            <DataProviders>
                <DataProvider dataType="distribution-view" id="distribution-view_id_617"/>
            </DataProviders>
            <Presentation type="bar-chart"/>
        </ViewDef>
        <ViewDef id="f3610358-f83c-404e-8ec6-2efd3362caa0">
            <Title>Core Distribution List</Title>
            <Description/>
            <SubjectType adapterKind="VMWARE" resourceKind="HostSystem" type="descendant"/>
            <SubjectType adapterKind="VMWARE" resourceKind="HostSystem" type="self"/>
            <Usage>dashboard</Usage>
            <Usage>report</Usage>
            <Usage>details</Usage>
            <Usage>content</Usage>
            <Controls>
                <Control id="time-interval-selector_id_589" type="time-interval-selector" visible="false">
                    <Property name="advancedTimeMode" value="false"/>
                    <Property name="unit" value="DAYS"/>
                    <Property name="count" value="7"/>
                </Control>
                <Control id="attributes-selector_id_590" type="attributes-selector" visible="false">
                    <Property name="attributeInfos">
                        <List>
                            <Item>
<Value>
    <Property name="objectType" value="RESOURCE"/>
    <Property name="attributeKey" value="hardware|cpuInfo|numCpuPackages"/>
    <Property name="isStringAttribute" value="false"/>
    <Property name="adapterKind" value="VMWARE"/>
    <Property name="resourceKind" value="HostSystem"/>
    <Property name="rollUpCount" value="0"/>
    <Property name="transformations">
        <List>
            <Item value="LAST"/>
        </List>
    </Property>
    <Property name="isProperty" value="true"/>
    <Property name="displayName" value="CPU Sockets"/>
    <Property name="addTimestampAsColumn" value="false"/>
    <Property name="isShowRelativeTimestamp" value="false"/>
</Value>
                            </Item>
                            <Item>
<Value>
    <Property name="objectType" value="RESOURCE"/>
    <Property name="attributeKey" value="hardware|cpuInfo|numCpuCores"/>
    <Property name="isStringAttribute" value="false"/>
    <Property name="adapterKind" value="VMWARE"/>
    <Property name="resourceKind" value="HostSystem"/>
    <Property name="rollUpCount" value="0"/>
    <Property name="transformations">
        <List>
            <Item value="LAST"/>
        </List>
    </Property>
    <Property name="isProperty" value="true"/>
    <Property name="displayName" value="Total Number of Cores"/>
    <Property name="addTimestampAsColumn" value="false"/>
    <Property name="isShowRelativeTimestamp" value="false"/>
</Value>
                            </Item>
                            <Item>
<Value>
    <Property name="objectType" value="RESOURCE"/>
    <Property name="attributeKey" value="Super Metric|sm_464d3569-c26c-4e6a-940b-616088ed76b3"/>
    <Property name="isStringAttribute" value="false"/>
    <Property name="adapterKind" value="VMWARE"/>
    <Property name="resourceKind" value="HostSystem"/>
    <Property name="rollUpType" value="NONE"/>
    <Property name="rollUpCount" value="0"/>
    <Property name="transformations">
        <List>
            <Item value="LAST"/>
        </List>
    </Property>
    <Property name="isProperty" value="false"/>
    <Property name="displayName" value="CoresPerSocket"/>
    <Property name="addTimestampAsColumn" value="false"/>
    <Property name="isShowRelativeTimestamp" value="false"/>
</Value>
                            </Item>
                        </List>
                    </Property>
                </Control>
                <Control id="buckets-control_id_591" type="buckets-control" visible="false">
                    <Property name="maxValue" value="0"/>
                    <Property name="minValue" value="0"/>
                    <Property name="dynamicCalcFunction" value="SIMPLEMAXMIN"/>
                    <Property name="bucketInfos">
                        <List>
                            <Item>
<Value>
    <Property name="startValue" value="0"/>
    <Property name="endValue" value="16"/>
    <Property name="bucketColor" value="6870C4"/>
</Value>
                            </Item>
                            <Item>
<Value>
    <Property name="startValue" value="17"/>
    <Property name="endValue" value="32"/>
    <Property name="bucketColor" value="0095D3"/>
</Value>
                            </Item>
                            <Item>
<Value>
    <Property name="startValue" value="33"/>
    <Property name="endValue" value="48"/>
    <Property name="bucketColor" value="009CBF"/>
</Value>
                            </Item>
                        </List>
                    </Property>
                    <Property name="isDynamic" value="false"/>
                    <Property name="isSum" value="false"/>
                </Control>
                <Control id="pagination-control_id_592" type="pagination-control" visible="true">
                    <Property name="start" value="0"/>
                    <Property name="size" value="50"/>
                </Control>
                <Control id="metadata_id_593" type="metadata" visible="false">
                    <Property name="maxPointsCount" value="5000"/>
                    <Property name="hideObjectNameColumn" value="false"/>
                    <Property name="listTopResultSize" value="-1"/>
                </Control>
            </Controls>
            <DataProviders>
                <DataProvider dataType="list-view" id="list-view_id_588"/>
            </DataProviders>
            <Presentation type="list"/>
        </ViewDef>
    </Views>
</Content>
